foreground_id	kind	species_label	descendant_species	descendant_ids	source	species_status
terminal_Addax_nasomaculatus	terminal	Addax nasomaculatus	"[""Addax nasomaculatus""]"	"[""Addax_nasomaculatus""]"	refined_species_loss_call	DISRUPTED_LIKELY
terminal_Alces_alces	terminal	Alces alces	"[""Alces alces""]"	"[""Alces_alces""]"	refined_species_loss_call	DISRUPTED_HIGH
terminal_Antilocapra_americana	terminal	Antilocapra americana	"[""Antilocapra americana""]"	"[""Antilocapra_americana""]"	refined_species_loss_call	DISRUPTED_HIGH
terminal_Axis_porcinus	terminal	Axis porcinus	"[""Axis porcinus""]"	"[""Axis_porcinus""]"	refined_species_loss_call	DISRUPTED_HIGH
terminal_Beatragus_hunteri	terminal	Beatragus hunteri	"[""Beatragus hunteri""]"	"[""Beatragus_hunteri""]"	refined_species_loss_call	DISRUPTED_LIKELY
terminal_Bison_bonasus	terminal	Bison bonasus	"[""Bison bonasus""]"	"[""Bison_bonasus""]"	refined_species_loss_call	DISRUPTED_LIKELY
terminal_Bos_frontalis	terminal	Bos frontalis	"[""Bos frontalis""]"	"[""Bos_frontalis""]"	refined_species_loss_call	DISRUPTED_LIKELY
terminal_Bos_gaurus	terminal	Bos gaurus	"[""Bos gaurus""]"	"[""Bos_gaurus""]"	refined_species_loss_call	DISRUPTED_HIGH
terminal_Bos_grunniens	terminal	Bos grunniens	"[""Bos grunniens""]"	"[""Bos_grunniens""]"	refined_species_loss_call	DISRUPTED_HIGH
terminal_Bos_indicus	terminal	Bos indicus	"[""Bos indicus""]"	"[""Bos_indicus""]"	refined_species_loss_call	DISRUPTED_LIKELY
terminal_Bos_javanicus	terminal	Bos javanicus	"[""Bos javanicus""]"	"[""Bos_javanicus""]"	refined_species_loss_call	DISRUPTED_HIGH
terminal_Bos_mutus	terminal	Bos mutus	"[""Bos mutus""]"	"[""Bos_mutus""]"	refined_species_loss_call	DISRUPTED_HIGH
terminal_Bos_taurus	terminal	Bos taurus	"[""Bos taurus""]"	"[""Bos_taurus""]"	refined_species_loss_call	DISRUPTED_HIGH
terminal_Bubalus_bubalis	terminal	Bubalus bubalis	"[""Bubalus bubalis""]"	"[""Bubalus_bubalis""]"	refined_species_loss_call	DISRUPTED_HIGH
terminal_Bubalus_kerabau	terminal	Bubalus kerabau	"[""Bubalus kerabau""]"	"[""Bubalus_kerabau""]"	refined_species_loss_call	DISRUPTED_HIGH
terminal_Budorcas_taxicolor	terminal	Budorcas taxicolor	"[""Budorcas taxicolor""]"	"[""Budorcas_taxicolor""]"	refined_species_loss_call	DISRUPTED_HIGH
terminal_Capra_hircus	terminal	Capra hircus	"[""Capra hircus""]"	"[""Capra_hircus""]"	refined_species_loss_call	DISRUPTED_HIGH
terminal_Capra_ibex	terminal	Capra ibex	"[""Capra ibex""]"	"[""Capra_ibex""]"	refined_species_loss_call	DISRUPTED_LIKELY
terminal_Capra_nubiana	terminal	Capra nubiana	"[""Capra nubiana""]"	"[""Capra_nubiana""]"	refined_species_loss_call	DISRUPTED_HIGH
terminal_Capreolus_capreolus	terminal	Capreolus capreolus	"[""Capreolus capreolus""]"	"[""Capreolus_capreolus""]"	refined_species_loss_call	DISRUPTED_HIGH
terminal_Capricornis_sumatraensis	terminal	Capricornis sumatraensis	"[""Capricornis sumatraensis""]"	"[""Capricornis_sumatraensis""]"	refined_species_loss_call	DISRUPTED_HIGH
terminal_Cephalophula_zebra	terminal	Cephalophula zebra	"[""Cephalophula zebra""]"	"[""Cephalophula_zebra""]"	refined_species_loss_call	DISRUPTED_HIGH
terminal_Cervus_albirostris	terminal	Cervus albirostris	"[""Cervus albirostris""]"	"[""Cervus_albirostris""]"	refined_species_loss_call	DISRUPTED_LIKELY
terminal_Cervus_elaphus	terminal	Cervus elaphus	"[""Cervus elaphus""]"	"[""Cervus_elaphus""]"	refined_species_loss_call	DISRUPTED_HIGH
terminal_Cervus_nippon	terminal	Cervus nippon	"[""Cervus nippon""]"	"[""Cervus_nippon""]"	refined_species_loss_call	DISRUPTED_HIGH
terminal_Dama_dama	terminal	Dama dama	"[""Dama dama""]"	"[""Dama_dama""]"	refined_species_loss_call	DISRUPTED_HIGH
terminal_Giraffa_camelopardalis	terminal	Giraffa camelopardalis	"[""Giraffa camelopardalis""]"	"[""Giraffa_camelopardalis""]"	refined_species_loss_call	DISRUPTED_LIKELY
terminal_Giraffa_tippelskirchi	terminal	Giraffa tippelskirchi	"[""Giraffa tippelskirchi""]"	"[""Giraffa_tippelskirchi""]"	refined_species_loss_call	DISRUPTED_HIGH
terminal_Hydropotes_inermis	terminal	Hydropotes inermis	"[""Hydropotes inermis""]"	"[""Hydropotes_inermis""]"	refined_species_loss_call	DISRUPTED_LIKELY
terminal_Moschus_berezovskii	terminal	Moschus berezovskii	"[""Moschus berezovskii""]"	"[""Moschus_berezovskii""]"	refined_species_loss_call	DISRUPTED_HIGH
terminal_Muntiacus_crinifrons	terminal	Muntiacus crinifrons	"[""Muntiacus crinifrons""]"	"[""Muntiacus_crinifrons""]"	refined_species_loss_call	DISRUPTED_HIGH
terminal_Muntiacus_feae	terminal	Muntiacus feae	"[""Muntiacus feae""]"	"[""Muntiacus_feae""]"	refined_species_loss_call	DISRUPTED_LIKELY
terminal_Muntiacus_gongshanensis	terminal	Muntiacus gongshanensis	"[""Muntiacus gongshanensis""]"	"[""Muntiacus_gongshanensis""]"	refined_species_loss_call	DISRUPTED_LIKELY
terminal_Muntiacus_reevesi	terminal	Muntiacus reevesi	"[""Muntiacus reevesi""]"	"[""Muntiacus_reevesi""]"	refined_species_loss_call	DISRUPTED_HIGH
terminal_Muntiacus_vaginalis	terminal	Muntiacus vaginalis	"[""Muntiacus vaginalis""]"	"[""Muntiacus_vaginalis""]"	refined_species_loss_call	DISRUPTED_LIKELY
terminal_Nanger_dama	terminal	Nanger dama	"[""Nanger dama""]"	"[""Nanger_dama""]"	refined_species_loss_call	DISRUPTED_LIKELY
terminal_Nilgiritragus_hylocrius	terminal	Nilgiritragus hylocrius	"[""Nilgiritragus hylocrius""]"	"[""Nilgiritragus_hylocrius""]"	refined_species_loss_call	DISRUPTED_LIKELY
terminal_Odocoileus_hemionus	terminal	Odocoileus hemionus	"[""Odocoileus hemionus""]"	"[""Odocoileus_hemionus""]"	refined_species_loss_call	DISRUPTED_LIKELY
terminal_Odocoileus_virginianus	terminal	Odocoileus virginianus	"[""Odocoileus virginianus""]"	"[""Odocoileus_virginianus""]"	refined_species_loss_call	DISRUPTED_HIGH
terminal_Okapia_johnstoni	terminal	Okapia johnstoni	"[""Okapia johnstoni""]"	"[""Okapia_johnstoni""]"	refined_species_loss_call	DISRUPTED_LIKELY
terminal_Oryx_dammah	terminal	Oryx dammah	"[""Oryx dammah""]"	"[""Oryx_dammah""]"	refined_species_loss_call	DISRUPTED_HIGH
terminal_Ovibos_moschatus	terminal	Ovibos moschatus	"[""Ovibos moschatus""]"	"[""Ovibos_moschatus""]"	refined_species_loss_call	DISRUPTED_LIKELY
terminal_Ovis_ammon	terminal	Ovis ammon	"[""Ovis ammon""]"	"[""Ovis_ammon""]"	refined_species_loss_call	DISRUPTED_HIGH
terminal_Ovis_aries	terminal	Ovis aries	"[""Ovis aries""]"	"[""Ovis_aries""]"	refined_species_loss_call	DISRUPTED_LIKELY
terminal_Ovis_canadensis	terminal	Ovis canadensis	"[""Ovis canadensis""]"	"[""Ovis_canadensis""]"	refined_species_loss_call	DISRUPTED_HIGH
terminal_Ovis_nivicola	terminal	Ovis nivicola	"[""Ovis nivicola""]"	"[""Ovis_nivicola""]"	refined_species_loss_call	DISRUPTED_LIKELY
terminal_Ovis_orientalis	terminal	Ovis orientalis	"[""Ovis orientalis""]"	"[""Ovis_orientalis""]"	refined_species_loss_call	DISRUPTED_LIKELY
terminal_Ovis_vignei	terminal	Ovis vignei	"[""Ovis vignei""]"	"[""Ovis_vignei""]"	refined_species_loss_call	DISRUPTED_HIGH
terminal_Pantholops_hodgsonii	terminal	Pantholops hodgsonii	"[""Pantholops hodgsonii""]"	"[""Pantholops_hodgsonii""]"	refined_species_loss_call	DISRUPTED_LIKELY
terminal_Pseudois_nayaur	terminal	Pseudois nayaur	"[""Pseudois nayaur""]"	"[""Pseudois_nayaur""]"	refined_species_loss_call	DISRUPTED_LIKELY
terminal_Rangifer_tarandus	terminal	Rangifer tarandus	"[""Rangifer tarandus""]"	"[""Rangifer_tarandus""]"	refined_species_loss_call	DISRUPTED_HIGH
terminal_Rucervus_eldii	terminal	Rucervus eldii	"[""Rucervus eldii""]"	"[""Rucervus_eldii""]"	refined_species_loss_call	DISRUPTED_HIGH
terminal_Rupicapra_rupicapra	terminal	Rupicapra rupicapra	"[""Rupicapra rupicapra""]"	"[""Rupicapra_rupicapra""]"	refined_species_loss_call	DISRUPTED_LIKELY
terminal_Syncerus_caffer	terminal	Syncerus caffer	"[""Syncerus caffer""]"	"[""Syncerus_caffer""]"	refined_species_loss_call	DISRUPTED_LIKELY
terminal_Tragelaphus_eurycerus	terminal	Tragelaphus eurycerus	"[""Tragelaphus eurycerus""]"	"[""Tragelaphus_eurycerus""]"	refined_species_loss_call	DISRUPTED_LIKELY
terminal_Tragulus_kanchil	terminal	Tragulus kanchil	"[""Tragulus kanchil""]"	"[""Tragulus_kanchil""]"	refined_species_loss_call	DISRUPTED_LIKELY
