species_key	species_status	species_reason	assemblies	callable_assemblies	intact_assemblies	high_intact_assemblies	supported_disrupted_assemblies	status_counts	accessions
Addax nasomaculatus	DISRUPTED_LIKELY	At least one callable assembly supports disruption and no intact model was found, but replication is limited.	2	1	0	0	1	"{""DISRUPTED_STRONG"": 1, ""UNRESOLVED_ASSEMBLY_GAP"": 1}"	GCA_019593525.1;GCA_044231825.1
Aepyceros melampus	UNRESOLVED	Available assemblies do not decisively support intactness or loss.	1	0	0	0	0	"{""UNRESOLVED_ASSEMBLY_GAP"": 1}"	GCA_006408695.1
Alcelaphus buselaphus	UNRESOLVED	Available assemblies do not decisively support intactness or loss.	1	0	0	0	0	"{""UNRESOLVED_ASSEMBLY_GAP"": 1}"	GCA_006408545.1
Alces alces	DISRUPTED_HIGH	Multiple callable assemblies support disruption and no credible intact assembly was found.	5	3	0	0	3	"{""DISRUPTED_STRONG"": 3, ""UNRESOLVED_ASSEMBLY_GAP"": 2}"	GCA_007570765.1;GCA_015832495.2;GCA_059051325.1;GCA_059051365.1;GCA_964270355.1
Ammotragus lervia	UNRESOLVED	Available assemblies do not decisively support intactness or loss.	1	0	0	0	0	"{""UNRESOLVED_ASSEMBLY_GAP"": 1}"	GCA_002201775.1
Antidorcas marsupialis	UNRESOLVED	Available assemblies do not decisively support intactness or loss.	1	0	0	0	0	"{""UNRESOLVED_ASSEMBLY_GAP"": 1}"	GCA_006408585.1
Antilocapra americana	DISRUPTED_HIGH	Multiple callable assemblies support disruption and no credible intact assembly was found.	5	2	0	0	2	"{""DISRUPTED_STRONG"": 2, ""UNRESOLVED_ASSEMBLY_GAP"": 3}"	GCA_004027515.2;GCA_007570785.1;GCA_021018645.1;GCA_051176575.2;GCA_051176615.2
Axis porcinus	DISRUPTED_HIGH	Multiple callable assemblies support disruption and no credible intact assembly was found.	3	2	0	0	2	"{""DISRUPTED_STRONG"": 2, ""UNRESOLVED_ASSEMBLY_GAP"": 1}"	GCA_003798545.1;GCA_054883215.1;GCA_054883225.1
Beatragus hunteri	DISRUPTED_LIKELY	At least one callable assembly supports disruption and no intact model was found, but replication is limited.	1	1	0	0	1	"{""DISRUPTED_STRONG"": 1}"	GCA_004027495.1
Bison bison	UNRESOLVED	Available assemblies do not decisively support intactness or loss.	2	0	0	0	0	"{""UNRESOLVED_ASSEMBLY_GAP"": 2}"	GCA_000754665.1;GCF_000754665.1
Bison bonasus	DISRUPTED_LIKELY	At least one callable assembly supports disruption and no intact model was found, but replication is limited.	1	1	0	0	1	"{""DISRUPTED_STRONG"": 1}"	GCA_963879515.1
Bos frontalis	DISRUPTED_LIKELY	At least one callable assembly supports disruption and no intact model was found, but replication is limited.	3	2	0	0	1	"{""DISRUPTED_POSSIBLE"": 1, ""DISRUPTED_STRONG"": 1, ""UNRESOLVED_ASSEMBLY_GAP"": 1}"	GCA_007844835.1;GCA_017311355.1;GCA_043643345.1
Bos gaurus	DISRUPTED_HIGH	Multiple callable assemblies support disruption and no credible intact assembly was found.	2	2	0	0	2	"{""DISRUPTED_STRONG"": 2}"	GCA_014182915.2;GCA_965225615.1
Bos gaurus x Bos taurus	DISRUPTED_LIKELY	At least one callable assembly supports disruption and no intact model was found, but replication is limited.	1	1	0	0	1	"{""DISRUPTED_STRONG"": 1}"	GCA_946052875.1
Bos grunniens	DISRUPTED_HIGH	Multiple callable assemblies support disruption and no credible intact assembly was found.	6	4	0	0	4	"{""DISRUPTED_STRONG"": 4, ""UNRESOLVED"": 1, ""UNRESOLVED_NO_GENOME"": 1}"	GCA_005887515.3;GCA_027580245.1;GCA_050059765.1;GCA_055505025.1;GCA_056775595.1;GCF_055505025.1
Bos grunniens x Bos taurus	DISRUPTED_HIGH	Multiple callable assemblies support disruption and no credible intact assembly was found.	2	2	0	0	2	"{""DISRUPTED_STRONG"": 2}"	GCA_009493645.1;GCA_009493655.1
Bos indicus	DISRUPTED_LIKELY	At least one callable assembly supports disruption and no intact model was found, but replication is limited.	47	38	0	0	37	"{""DISRUPTED_POSSIBLE"": 1, ""DISRUPTED_STRONG"": 37, ""UNRESOLVED_ASSEMBLY_GAP"": 9}"	GCA_000247795.2;GCA_002933975.1;GCA_026262375.1;GCA_026262515.1;GCA_026262465.1;GCA_026262545.1;GCA_029378735.1;GCA_029378745.1;GCA_030267345.1;GCA_030267355.1;GCA_030269505.1;GCA_030267375.1;GCA_030269805.1;GCA_030269815.1;GCA_030270685.1;GCA_030270705.1;GCA_030270715.1;GCA_030270725.1;GCA_030270805.1;GCA_030270825.1;GCA_030270845.1;GCA_030270855.1;GCA_030270865.1;GCA_030270935.1;GCA_030270945.1;GCA_030270955.1;GCA_030270995.1;GCA_030271795.1;GCA_030271805.1;GCA_030272135.1;GCA_030272475.1;GCA_030272495.1;GCA_030272235.1;GCA_030272505.1;GCA_030847515.1;GCA_033030755.1;GCA_039881165.1;GCA_057190515.1;GCA_057190595.1;GCA_057190485.1;GCA_963966215.1;GCA_963966175.1;GCA_963966345.1;GCA_963966355.1;GCA_963966425.1;GCF_000247795.1;GCF_029378745.1
Bos indicus x Bos taurus	DISRUPTED_HIGH	Multiple callable assemblies support disruption and no credible intact assembly was found.	10	10	0	0	10	"{""DISRUPTED_STRONG"": 10}"	GCA_003369685.2;GCA_003369695.2;GCA_012070425.1;GCA_012069665.1;GCA_012070445.1;GCA_012070465.1;GCA_012070475.1;GCA_012070485.1;GCA_056825275.1;GCF_003369695.1
Bos javanicus	DISRUPTED_HIGH	Multiple callable assemblies support disruption and no credible intact assembly was found.	2	2	0	0	2	"{""DISRUPTED_STRONG"": 2}"	GCA_032452875.1;GCF_032452875.1
Bos mutus	DISRUPTED_HIGH	Multiple callable assemblies support disruption and no credible intact assembly was found.	6	2	0	0	2	"{""DISRUPTED_STRONG"": 2, ""UNRESOLVED_ASSEMBLY_GAP"": 4}"	GCA_000298355.1;GCA_002968435.1;GCA_007646595.3;GCA_027580195.2;GCF_000298355.1;GCF_027580195.1
Bos taurus	DISRUPTED_HIGH	Multiple callable assemblies support disruption and no credible intact assembly was found.	205	173	0	0	173	"{""DISRUPTED_STRONG"": 173, ""UNRESOLVED"": 1, ""UNRESOLVED_ASSEMBLY_GAP"": 25, ""UNRESOLVED_NO_GENOME"": 6}"	GCA_000003055.5;GCA_000003205.6;GCA_002263795.4;GCA_021234555.1;GCA_021347905.1;GCA_024542955.1;GCA_028973685.2;GCA_030378505.1;GCA_033032115.1;GCA_034097375.1;GCA_039881175.1;GCA_040285425.1;GCA_040286185.1;GCA_043882115.1;GCA_047652215.1;GCA_049634445.1;GCA_049634505.1;GCA_049634545.1;GCA_049634565.1;GCA_049634675.1;GCA_049634715.1;GCA_051106085.1;GCA_051122635.1;GCA_054825135.1;GCA_055691375.1;GCA_055691405.1;GCA_056748525.1;GCA_056162995.1;GCA_057190615.1;GCA_059336145.1;GCA_059997585.1;GCA_905123515.1;GCA_905123885.1;GCA_914753205.1;GCA_947034695.1;GCA_963920245.1;GCA_963920255.1;GCA_963920265.1;GCA_963921495.1;GCA_964019205.1;GCA_964019215.2;GCA_964019245.2;GCA_964019235.2;GCA_964019255.2;GCA_964019225.2;GCA_964019265.2;GCA_964019275.1;GCA_964019295.2;GCA_965153475.2;GCA_965153505.2;GCA_965153515.2;GCA_965153495.2;GCA_965153485.2;GCA_965153525.2;GCA_965153535.2;GCA_965153545.2;GCA_965153555.2;GCA_965153575.2;GCA_965153565.2;GCA_965153585.2;GCA_965153595.2;GCA_965153605.2;GCA_965153625.2;GCA_965153615.2;GCA_965153635.2;GCA_965153645.2;GCA_965153655.2;GCA_965153675.2;GCA_965153665.2;GCA_965153685.2;GCA_965153695.2;GCA_965153705.2;GCA_965153725.2;GCA_965153745.2;GCA_965153715.2;GCA_965153735.2;GCA_965153755.2;GCA_965153775.2;GCA_965153765.2;GCA_965153785.2;GCA_965153795.2;GCA_965153805.2;GCA_965153815.2;GCA_965153825.2;GCA_965153835.2;GCA_965153845.2;GCA_965153855.2;GCA_965153865.2;GCA_965153875.2;GCA_965153885.2;GCA_965153895.2;GCA_965153905.2;GCA_965153915.2;GCA_965153925.2;GCA_965153945.2;GCA_965153935.2;GCA_965153955.2;GCA_965153975.2;GCA_965153965.2;GCA_965153985.2;GCA_965153995.2;GCA_965154005.2;GCA_965154015.2;GCA_965154025.2;GCA_965154035.2;GCA_965154045.2;GCA_965154055.2;GCA_965154065.2;GCA_965154075.2;GCA_965154085.2;GCA_965154095.2;GCA_965154105.2;GCA_965154155.2;GCA_965154175.2;GCA_965154165.2;GCA_965154185.2;GCA_965154195.2;GCA_965154205.2;GCA_965154215.2;GCA_965154225.2;GCA_965154235.2;GCA_965154255.2;GCA_965154265.2;GCA_965154245.2;GCA_965154285.2;GCA_965154275.2;GCA_965154295.2;GCA_965154305.2;GCA_965154315.2;GCA_965154325.2;GCA_965154335.2;GCA_965154345.2;GCA_965154355.2;GCA_965154365.2;GCA_965154385.2;GCA_965154375.2;GCA_965154395.2;GCA_965154405.2;GCA_965154415.2;GCA_965154425.2;GCA_965154435.2;GCA_965154445.2;GCA_965177315.2;GCA_965177325.2;GCA_965177335.2;GCA_965177345.2;GCA_965177355.2;GCA_965177365.2;GCA_965177375.2;GCA_965177385.2;GCA_965177395.2;GCA_965177405.2;GCA_965177415.2;GCA_965177425.2;GCA_965177435.2;GCA_965177445.2;GCA_965177455.2;GCA_965177465.2;GCA_965177485.2;GCA_965177475.2;GCA_965177495.2;GCA_965177505.2;GCA_965177515.2;GCA_965177525.2;GCA_965177535.2;GCA_965177645.2;GCA_965177555.2;GCA_965177565.2;GCA_965177575.2;GCA_965177545.2;GCA_965177585.2;GCA_965177605.2;GCA_965177615.2;GCA_965177705.2;GCA_965177625.2;GCA_965177635.2;GCA_965177655.2;GCA_965177765.2;GCA_965177665.2;GCA_965177785.2;GCA_965177675.2;GCA_965177795.2;GCA_965177685.2;GCA_965177715.2;GCA_965177695.2;GCA_965177725.2;GCA_965177745.2;GCA_965177735.2;GCA_965177755.2;GCA_965177775.2;GCA_965177825.2;GCA_965177805.2;GCA_976986635.2;GCA_976986615.1;GCA_974728815.1;GCA_976986625.1;GCA_977927225.1;GCA_977927265.1;GCA_977927255.1;GCA_977927245.1;GCA_977970235.1;GCA_977927285.1;GCF_000003055.6;GCF_000003205.7;GCF_002263795.3
Bos taurus x Bison bison	DISRUPTED_HIGH	Multiple callable assemblies support disruption and no credible intact assembly was found.	3	3	0	0	3	"{""DISRUPTED_STRONG"": 3}"	GCA_018282365.1;GCA_018282465.1;GCA_030254855.1
Bubalus bubalis	DISRUPTED_HIGH	Multiple callable assemblies support disruption and no credible intact assembly was found.	17	8	0	0	8	"{""DISRUPTED_STRONG"": 8, ""UNRESOLVED"": 1, ""UNRESOLVED_ASSEMBLY_GAP"": 7, ""UNRESOLVED_NO_GENOME"": 1}"	GCA_000471725.1;GCA_000180995.3;GCA_003121395.1;GCA_002993835.1;GCA_004794615.1;GCA_019923925.1;GCA_019923935.1;GCA_905249985.1;GCA_965246665.2;GCA_965642205.1;GCA_965642185.1;GCA_965606195.1;GCA_965642195.1;GCF_000471725.1;GCF_003121395.1;GCF_019923925.1;GCF_019923935.1
Bubalus depressicornis	DISRUPTED_POSSIBLE	Some disruption evidence exists but is not strong enough for a species-level loss call.	1	1	0	0	0	"{""DISRUPTED_POSSIBLE"": 1}"	GCA_025584935.1
Bubalus kerabau	DISRUPTED_HIGH	Multiple callable assemblies support disruption and no credible intact assembly was found.	3	3	0	0	3	"{""DISRUPTED_STRONG"": 3}"	GCA_029407905.2;GCA_051307275.1;GCF_029407905.1
Budorcas taxicolor	DISRUPTED_HIGH	Multiple callable assemblies support disruption and no credible intact assembly was found.	2	2	0	0	2	"{""DISRUPTED_STRONG"": 2}"	GCA_023091745.2;GCF_023091745.1
Capra aegagrus	UNRESOLVED	Available assemblies do not decisively support intactness or loss.	2	0	0	0	0	"{""UNRESOLVED_ASSEMBLY_GAP"": 2}"	GCA_000765075.1;GCA_000978405.1
Capra falconeri	DISRUPTED_POSSIBLE	Some disruption evidence exists but is not strong enough for a species-level loss call.	1	1	0	0	0	"{""DISRUPTED_POSSIBLE"": 1}"	GCA_038502695.1
Capra hircus	DISRUPTED_HIGH	Multiple callable assemblies support disruption and no credible intact assembly was found.	70	61	0	0	61	"{""DISRUPTED_STRONG"": 61, ""UNRESOLVED"": 2, ""UNRESOLVED_ASSEMBLY_GAP"": 4, ""UNRESOLVED_NO_GENOME"": 3}"	GCA_000317765.2;GCA_001704415.2;GCA_004361675.1;GCA_009823495.1;GCA_018357025.1;GCA_015443085.1;GCA_026652205.1;GCA_040822015.1;GCA_040806595.1;GCA_041053135.1;GCA_040970035.1;GCA_041920685.1;GCA_041736475.1;GCA_041735815.1;GCA_042835985.1;GCA_044509215.1;GCA_044587935.1;GCA_044587905.1;GCA_044588015.1;GCA_044587945.1;GCA_046464075.1;GCA_047671635.1;GCA_047671655.1;GCA_048594055.1;GCA_048593975.1;GCA_048594065.1;GCA_048594125.1;GCA_048594135.1;GCA_048594165.1;GCA_048598025.1;GCA_048598065.1;GCA_048598055.1;GCA_048598825.1;GCA_049004405.1;GCA_049004455.1;GCA_049004495.1;GCA_049004535.1;GCA_049004595.1;GCA_049004675.1;GCA_054126965.1;GCA_055691435.1;GCA_057428545.1;GCA_057428595.1;GCA_057556445.1;GCA_057557635.1;GCA_057557695.1;GCA_057557715.1;GCA_057557795.1;GCA_057557815.1;GCA_059055555.1;GCA_059055625.1;GCA_059335595.1;GCA_907165285.1;GCA_965363395.1;GCA_965363855.1;GCA_965363845.1;GCA_965364655.1;GCA_965363885.1;GCA_965365925.1;GCA_965365845.1;GCA_977879435.1;GCA_977879805.1;GCA_977880105.2;GCA_984506425.1;GCA_984506515.1;GCA_984506535.1;GCA_984506825.1;GCA_984513515.1;GCA_984513855.1;GCF_001704415.2
Capra ibex	DISRUPTED_LIKELY	At least one callable assembly supports disruption and no intact model was found, but replication is limited.	2	1	0	0	1	"{""DISRUPTED_STRONG"": 1, ""UNRESOLVED_ASSEMBLY_GAP"": 1}"	GCA_006410555.1;GCA_054642885.1
Capra nubiana	DISRUPTED_HIGH	Multiple callable assemblies support disruption and no credible intact assembly was found.	2	2	0	0	2	"{""DISRUPTED_STRONG"": 2}"	GCA_054855995.1;GCA_054856215.1
Capra sibirica	UNRESOLVED	Available assemblies do not decisively support intactness or loss.	1	0	0	0	0	"{""UNRESOLVED_ASSEMBLY_GAP"": 1}"	GCA_003182615.2
Capreolus capreolus	DISRUPTED_HIGH	Multiple callable assemblies support disruption and no credible intact assembly was found.	2	2	0	0	2	"{""DISRUPTED_STRONG"": 2}"	GCA_000751575.1;GCA_951849835.1
Capreolus pygargus	UNRESOLVED	Available assemblies do not decisively support intactness or loss.	1	0	0	0	0	"{""UNRESOLVED_ASSEMBLY_GAP"": 1}"	GCA_012922965.1
Capricornis sumatraensis	DISRUPTED_HIGH	Multiple callable assemblies support disruption and no credible intact assembly was found.	2	2	0	0	2	"{""DISRUPTED_STRONG"": 2}"	GCA_032405125.2;GCF_032405125.1
Cephalophula zebra	DISRUPTED_HIGH	Multiple callable assemblies support disruption and no credible intact assembly was found.	2	2	0	0	2	"{""DISRUPTED_STRONG"": 2}"	GCA_054099735.1;GCA_054099755.1
Cephalophus harveyi	UNRESOLVED	Available assemblies do not decisively support intactness or loss.	1	0	0	0	0	"{""UNRESOLVED_ASSEMBLY_GAP"": 1}"	GCA_006410635.1
Cervus albirostris	DISRUPTED_LIKELY	At least one callable assembly supports disruption and no intact model was found, but replication is limited.	2	1	0	0	1	"{""DISRUPTED_STRONG"": 1, ""UNRESOLVED_ASSEMBLY_GAP"": 1}"	GCA_006408465.1;GCA_046563475.2
Cervus canadensis	UNRESOLVED	Available assemblies do not decisively support intactness or loss.	2	0	0	0	0	"{""UNRESOLVED_ASSEMBLY_GAP"": 2}"	GCA_019320065.1;GCF_019320065.1
Cervus elaphus	DISRUPTED_HIGH	Multiple callable assemblies support disruption and no credible intact assembly was found.	5	4	0	0	4	"{""DISRUPTED_STRONG"": 4, ""UNRESOLVED_ASSEMBLY_GAP"": 1}"	GCA_002197005.1;GCA_910594005.1;GCA_910593805.2;GCA_910594005.2;GCF_910594005.1
Cervus hanglu	UNRESOLVED	Available assemblies do not decisively support intactness or loss.	1	0	0	0	0	"{""UNRESOLVED_ASSEMBLY_GAP"": 1}"	GCA_010411085.1
Cervus nippon	DISRUPTED_HIGH	Multiple callable assemblies support disruption and no credible intact assembly was found.	5	5	0	0	5	"{""DISRUPTED_STRONG"": 5}"	GCA_034195675.1;GCA_038088365.1;GCA_040085125.1;GCA_052324755.1;GCA_054829135.1
Connochaetes taurinus	UNRESOLVED	Available assemblies do not decisively support intactness or loss.	1	0	0	0	0	"{""UNRESOLVED_ASSEMBLY_GAP"": 1}"	GCA_006408615.1
Dama dama	DISRUPTED_HIGH	Multiple callable assemblies support disruption and no credible intact assembly was found.	4	4	0	0	4	"{""DISRUPTED_STRONG"": 4}"	GCA_033118175.2;GCA_048127045.1;GCA_048126745.1;GCF_033118175.1
Damaliscus lunatus	UNRESOLVED	Available assemblies do not decisively support intactness or loss.	1	0	0	0	0	"{""UNRESOLVED_ASSEMBLY_GAP"": 1}"	GCA_006408505.1
Elaphurus davidianus	UNRESOLVED	Available assemblies do not decisively support intactness or loss.	2	0	0	0	0	"{""UNRESOLVED_ASSEMBLY_GAP"": 2}"	GCA_002443075.1;GCA_021018665.1
Eudorcas thomsonii	UNRESOLVED	Available assemblies do not decisively support intactness or loss.	1	0	0	0	0	"{""UNRESOLVED_ASSEMBLY_GAP"": 1}"	GCA_006408755.1
Giraffa camelopardalis	DISRUPTED_LIKELY	At least one callable assembly supports disruption and no intact model was found, but replication is limited.	3	1	0	0	1	"{""DISRUPTED_STRONG"": 1, ""UNRESOLVED_ASSEMBLY_GAP"": 2}"	GCA_006408565.1;GCA_017591445.1;GCA_018282235.1
Giraffa tippelskirchi	DISRUPTED_HIGH	Multiple callable assemblies support disruption and no credible intact assembly was found.	7	5	0	0	5	"{""DISRUPTED_STRONG"": 5, ""UNRESOLVED_ASSEMBLY_GAP"": 2}"	GCA_001651235.1;GCA_013496395.1;GCA_054371575.1;GCA_054371585.1;GCA_054371615.1;GCA_054371825.1;GCF_054371585.1
Hippotragus equinus	UNRESOLVED	Available assemblies do not decisively support intactness or loss.	1	0	0	0	0	"{""UNRESOLVED_ASSEMBLY_GAP"": 1}"	GCA_016433095.1
Hippotragus niger	UNRESOLVED	Available assemblies do not decisively support intactness or loss.	1	0	0	0	0	"{""UNRESOLVED_ASSEMBLY_GAP"": 1}"	GCA_006942125.1
Hydropotes inermis	DISRUPTED_LIKELY	At least one callable assembly supports disruption and no intact model was found, but replication is limited.	3	1	0	0	1	"{""DISRUPTED_STRONG"": 1, ""UNRESOLVED_ASSEMBLY_GAP"": 2}"	GCA_006459105.1;GCA_020226075.1;GCA_056247825.1
Kobus ellipsiprymnus	UNRESOLVED	Available assemblies do not decisively support intactness or loss.	1	0	0	0	0	"{""UNRESOLVED_ASSEMBLY_GAP"": 1}"	GCA_006410655.1
Kobus leche	UNRESOLVED	Available assemblies do not decisively support intactness or loss.	1	0	0	0	0	"{""UNRESOLVED_ASSEMBLY_GAP"": 1}"	GCA_014926565.1
Litocranius walleri	UNRESOLVED	Available assemblies do not decisively support intactness or loss.	1	0	0	0	0	"{""UNRESOLVED_ASSEMBLY_GAP"": 1}"	GCA_006410535.1
Madoqua kirkii	DISRUPTED_POSSIBLE	Some disruption evidence exists but is not strong enough for a species-level loss call.	1	1	0	0	0	"{""DISRUPTED_POSSIBLE"": 1}"	GCA_006408675.1
Megaloceros giganteus	UNRESOLVED	Available assemblies do not decisively support intactness or loss.	2	0	0	0	0	"{""UNRESOLVED"": 2}"	GCA_905120125.1;GCA_905120135.1
Moschus berezovskii	DISRUPTED_HIGH	Multiple callable assemblies support disruption and no credible intact assembly was found.	5	3	0	0	3	"{""DISRUPTED_STRONG"": 3, ""UNRESOLVED_ASSEMBLY_GAP"": 2}"	GCA_006459085.1;GCA_006461545.1;GCA_022376915.1;GCA_049115385.1;GCF_022376915.1
Moschus chrysogaster	UNRESOLVED	Available assemblies do not decisively support intactness or loss.	1	0	0	0	0	"{""UNRESOLVED_ASSEMBLY_GAP"": 1}"	GCA_006461725.1
Moschus moschiferus	UNRESOLVED	Available assemblies do not decisively support intactness or loss.	2	0	0	0	0	"{""UNRESOLVED_ASSEMBLY_GAP"": 2}"	GCA_004024705.2;GCA_011751665.1
Muntiacus crinifrons	DISRUPTED_HIGH	Multiple callable assemblies support disruption and no credible intact assembly was found.	3	3	0	0	3	"{""DISRUPTED_STRONG"": 3}"	GCA_006408485.1;GCA_020226055.1;GCA_020276665.1
Muntiacus feae	DISRUPTED_LIKELY	At least one callable assembly supports disruption and no intact model was found, but replication is limited.	1	1	0	0	1	"{""DISRUPTED_STRONG"": 1}"	GCA_059698765.1
Muntiacus gongshanensis	DISRUPTED_LIKELY	At least one callable assembly supports disruption and no intact model was found, but replication is limited.	1	1	0	0	1	"{""DISRUPTED_STRONG"": 1}"	GCA_020226025.1
Muntiacus muntjak	UNRESOLVED	Available assemblies do not decisively support intactness or loss.	3	0	0	0	0	"{""UNRESOLVED_ASSEMBLY_GAP"": 3}"	GCA_006409035.1;GCA_008931205.1;GCA_008782695.1
Muntiacus reevesi	DISRUPTED_HIGH	Multiple callable assemblies support disruption and no credible intact assembly was found.	7	5	0	0	5	"{""DISRUPTED_STRONG"": 5, ""UNRESOLVED"": 1, ""UNRESOLVED_ASSEMBLY_GAP"": 1}"	GCA_006408525.1;GCA_008787405.2;GCA_020226045.1;GCA_963930625.2;GCA_963930625.1;GCA_963930665.2;GCF_963930625.1
Muntiacus vaginalis	DISRUPTED_LIKELY	At least one callable assembly supports disruption and no intact model was found, but replication is limited.	1	1	0	0	1	"{""DISRUPTED_STRONG"": 1}"	GCA_039877825.1
Nanger dama	DISRUPTED_LIKELY	At least one callable assembly supports disruption and no intact model was found, but replication is limited.	2	1	0	0	1	"{""DISRUPTED_STRONG"": 1, ""UNRESOLVED_ASSEMBLY_GAP"": 1}"	GCA_019969365.1;GCA_917880005.1
Nanger granti	UNRESOLVED	Available assemblies do not decisively support intactness or loss.	1	0	0	0	0	"{""UNRESOLVED_ASSEMBLY_GAP"": 1}"	GCA_006408635.1
Neotragus moschatus	UNRESOLVED	Available assemblies do not decisively support intactness or loss.	1	0	0	0	0	"{""UNRESOLVED_ASSEMBLY_GAP"": 1}"	GCA_006410615.1
Neotragus pygmaeus	UNRESOLVED	Available assemblies do not decisively support intactness or loss.	1	0	0	0	0	"{""UNRESOLVED_ASSEMBLY_GAP"": 1}"	GCA_006410875.1
Nilgiritragus hylocrius	DISRUPTED_LIKELY	At least one callable assembly supports disruption and no intact model was found, but replication is limited.	1	1	0	0	1	"{""DISRUPTED_STRONG"": 1}"	GCA_004026825.1
Odocoileus hemionus	DISRUPTED_LIKELY	At least one callable assembly supports disruption and no intact model was found, but replication is limited.	5	4	0	0	3	"{""DISRUPTED_POSSIBLE"": 1, ""DISRUPTED_STRONG"": 3, ""UNRESOLVED"": 1}"	GCA_003697985.1;GCA_004115125.1;GCA_020976825.1;GCA_042767535.1;GCA_042768445.1
Odocoileus virginianus	DISRUPTED_HIGH	Multiple callable assemblies support disruption and no credible intact assembly was found.	7	3	0	0	3	"{""DISRUPTED_STRONG"": 3, ""UNRESOLVED"": 2, ""UNRESOLVED_ASSEMBLY_GAP"": 2}"	GCA_000191605.1;GCA_000191625.1;GCA_002102435.1;GCA_014726795.1;GCA_023699985.4;GCF_002102435.1;GCF_023699985.2
Okapia johnstoni	DISRUPTED_LIKELY	At least one callable assembly supports disruption and no intact model was found, but replication is limited.	3	1	0	0	1	"{""DISRUPTED_STRONG"": 1, ""UNRESOLVED_ASSEMBLY_GAP"": 2}"	GCA_001660835.1;GCA_021018685.1;GCA_024291935.2
Oreamnos americanus	UNRESOLVED	Available assemblies do not decisively support intactness or loss.	1	0	0	0	0	"{""UNRESOLVED_ASSEMBLY_GAP"": 1}"	GCA_009758055.1
Oreotragus oreotragus	UNRESOLVED	Available assemblies do not decisively support intactness or loss.	1	0	0	0	0	"{""UNRESOLVED_ASSEMBLY_GAP"": 1}"	GCA_006410675.1
Oryx dammah	DISRUPTED_HIGH	Multiple callable assemblies support disruption and no credible intact assembly was found.	2	2	0	0	2	"{""DISRUPTED_STRONG"": 2}"	GCA_014754425.2;GCF_014754425.2
Oryx gazella	UNRESOLVED	Available assemblies do not decisively support intactness or loss.	2	0	0	0	0	"{""UNRESOLVED_ASSEMBLY_GAP"": 2}"	GCA_003945745.1;GCA_006410575.1
Ourebia ourebi	DISRUPTED_POSSIBLE	Some disruption evidence exists but is not strong enough for a species-level loss call.	1	1	0	0	0	"{""DISRUPTED_POSSIBLE"": 1}"	GCA_006417275.1
Ovibos moschatus	DISRUPTED_LIKELY	At least one callable assembly supports disruption and no intact model was found, but replication is limited.	3	1	0	0	1	"{""DISRUPTED_STRONG"": 1, ""UNRESOLVED_ASSEMBLY_GAP"": 2}"	GCA_021462335.1;GCA_022533635.2;GCA_041156055.1
Ovis ammon	DISRUPTED_HIGH	Multiple callable assemblies support disruption and no credible intact assembly was found.	4	2	0	0	2	"{""DISRUPTED_STRONG"": 2, ""UNRESOLVED_ASSEMBLY_GAP"": 2}"	GCA_003121645.1;GCA_006410595.1;GCA_028583565.1;GCA_045269445.1
Ovis ammon polii x Ovis aries	DISRUPTED_HIGH	Multiple callable assemblies support disruption and no credible intact assembly was found.	2	2	0	0	2	"{""DISRUPTED_STRONG"": 2}"	GCA_023701655.1;GCA_023701675.1
Ovis aries	DISRUPTED_LIKELY	At least one callable assembly supports disruption and no intact model was found, but replication is limited.	96	83	0	0	82	"{""DISRUPTED_POSSIBLE"": 1, ""DISRUPTED_STRONG"": 82, ""UNRESOLVED"": 1, ""UNRESOLVED_ASSEMBLY_GAP"": 8, ""UNRESOLVED_NO_GENOME"": 4}"	GCA_000005525.1;GCA_000298735.2;GCA_000765115.1;GCA_002742125.1;GCA_011170295.1;GCA_016772045.2;GCA_017524585.1;GCA_019145175.1;GCA_018804185.1;GCA_021325815.1;GCA_021325835.1;GCA_021325855.1;GCA_021325865.1;GCA_021325875.1;GCA_021325905.1;GCA_021325935.1;GCA_021326735.1;GCA_021326705.1;GCA_021326975.1;GCA_021327145.1;GCA_021327245.1;GCA_021327285.1;GCA_021327305.1;GCA_021327315.1;GCA_021327335.1;GCA_021327355.1;GCA_021327395.1;GCA_021327375.1;GCA_021327435.1;GCA_021328935.1;GCA_021328945.1;GCA_021328955.1;GCA_021328995.1;GCA_022244695.1;GCA_022244705.1;GCA_022416685.1;GCA_022416725.1;GCA_022416695.1;GCA_022416745.1;GCA_022416755.1;GCA_022416775.1;GCA_022416785.1;GCA_022432825.1;GCA_022416915.1;GCA_022432835.1;GCA_022432845.1;GCA_022538005.1;GCA_022702505.1;GCA_022702665.1;GCA_024222135.1;GCA_024222175.1;GCA_024222185.1;GCA_024256485.1;GCA_024222265.1;GCA_024256505.1;GCA_030512445.1;GCA_032433645.1;GCA_033439445.1;GCA_040259355.1;GCA_040805955.1;GCA_040543055.1;GCA_040836155.1;GCA_041121725.1;GCA_050084895.1;GCA_050916685.1;GCA_057332215.1;GCA_057332225.1;GCA_965363385.1;GCA_965364765.1;GCA_965363425.1;GCA_965363435.1;GCA_965363445.1;GCA_965363705.1;GCA_965363785.1;GCA_965364855.1;GCA_965365915.1;GCA_965637775.1;GCA_984506415.1;GCA_984506435.1;GCA_984506445.1;GCA_984506455.1;GCA_984506465.1;GCA_984506635.1;GCA_984506805.1;GCA_984506815.1;GCA_984507005.1;GCA_984506965.1;GCA_984513465.1;GCA_984514235.1;GCA_984514435.1;GCA_984514685.1;GCA_984538235.1;GCF_000298735.2;GCF_000765115.1;GCF_016772045.2;GCF_002742125.1
Ovis canadensis	DISRUPTED_HIGH	Multiple callable assemblies support disruption and no credible intact assembly was found.	5	3	0	0	3	"{""DISRUPTED_STRONG"": 3, ""UNRESOLVED"": 1, ""UNRESOLVED_ASSEMBLY_GAP"": 1}"	GCA_001039535.1;GCA_004026945.1;GCA_042859625.1;GCA_042477335.2;GCF_042477335.2
Ovis nivicola	DISRUPTED_LIKELY	At least one callable assembly supports disruption and no intact model was found, but replication is limited.	1	1	0	0	1	"{""DISRUPTED_STRONG"": 1}"	GCA_903231385.1
Ovis orientalis	DISRUPTED_LIKELY	At least one callable assembly supports disruption and no intact model was found, but replication is limited.	1	1	0	0	1	"{""DISRUPTED_STRONG"": 1}"	GCA_014523465.1
Ovis vignei	DISRUPTED_HIGH	Multiple callable assemblies support disruption and no credible intact assembly was found.	2	2	0	0	2	"{""DISRUPTED_STRONG"": 2}"	GCA_050084595.1;GCA_053525375.1
Pantholops hodgsonii	DISRUPTED_LIKELY	At least one callable assembly supports disruption and no intact model was found, but replication is limited.	3	1	0	0	1	"{""DISRUPTED_STRONG"": 1, ""UNRESOLVED_ASSEMBLY_GAP"": 2}"	GCA_000400835.1;GCA_040182635.1;GCF_000400835.1
Philantomba maxwellii	UNRESOLVED	Available assemblies do not decisively support intactness or loss.	1	0	0	0	0	"{""UNRESOLVED_ASSEMBLY_GAP"": 1}"	GCA_006410695.1
Procapra przewalskii	UNRESOLVED	Available assemblies do not decisively support intactness or loss.	1	0	0	0	0	"{""UNRESOLVED_ASSEMBLY_GAP"": 1}"	GCA_006410515.1
Pseudois nayaur	DISRUPTED_LIKELY	At least one callable assembly supports disruption and no intact model was found, but replication is limited.	1	1	0	0	1	"{""DISRUPTED_STRONG"": 1}"	GCA_003182575.1
Pseudoryx nghetinhensis	UNRESOLVED	Available assemblies do not decisively support intactness or loss.	1	0	0	0	0	"{""UNRESOLVED_ASSEMBLY_GAP"": 1}"	GCA_050436925.1
Rangifer tarandus	DISRUPTED_HIGH	Multiple callable assemblies support disruption and no credible intact assembly was found.	10	5	0	0	5	"{""DISRUPTED_STRONG"": 5, ""UNRESOLVED"": 1, ""UNRESOLVED_ASSEMBLY_GAP"": 4}"	GCA_004026565.1;GCA_014898785.1;GCA_019903745.2;GCA_022457185.1;GCA_902712895.1;GCA_963856025.1;GCA_951394145.2;GCA_963422255.1;GCA_949782905.1;GCA_965153185.1
Raphicerus campestris	UNRESOLVED	Available assemblies do not decisively support intactness or loss.	1	0	0	0	0	"{""UNRESOLVED_ASSEMBLY_GAP"": 1}"	GCA_006410735.1
Redunca redunca	UNRESOLVED	Available assemblies do not decisively support intactness or loss.	1	0	0	0	0	"{""UNRESOLVED_ASSEMBLY_GAP"": 1}"	GCA_006410935.1
Rucervus eldii	DISRUPTED_HIGH	Multiple callable assemblies support disruption and no credible intact assembly was found.	4	3	0	0	3	"{""DISRUPTED_STRONG"": 3, ""UNRESOLVED_ASSEMBLY_GAP"": 1}"	GCA_034233915.1;GCA_034234005.1;GCA_054824845.1;GCA_054824865.1
Rupicapra rupicapra	DISRUPTED_LIKELY	At least one callable assembly supports disruption and no intact model was found, but replication is limited.	1	1	0	0	1	"{""DISRUPTED_STRONG"": 1}"	GCA_963981305.1
Rusa alfredi	UNRESOLVED	Available assemblies do not decisively support intactness or loss.	1	0	0	0	0	"{""UNRESOLVED_ASSEMBLY_GAP"": 1}"	GCA_038501445.1
Saiga tatarica	DISRUPTED_POSSIBLE	Some disruption evidence exists but is not strong enough for a species-level loss call.	1	1	0	0	0	"{""DISRUPTED_POSSIBLE"": 1}"	GCA_004024985.1
Sylvicapra grimmia	UNRESOLVED	Available assemblies do not decisively support intactness or loss.	1	0	0	0	0	"{""UNRESOLVED_ASSEMBLY_GAP"": 1}"	GCA_006408735.1
Syncerus caffer	DISRUPTED_LIKELY	At least one callable assembly supports disruption and no intact model was found, but replication is limited.	2	1	0	0	1	"{""DISRUPTED_STRONG"": 1, ""UNRESOLVED_ASSEMBLY_GAP"": 1}"	GCA_006408785.2;GCA_902825105.1
Tragelaphus buxtoni	UNRESOLVED	Available assemblies do not decisively support intactness or loss.	1	0	0	0	0	"{""UNRESOLVED_ASSEMBLY_GAP"": 1}"	GCA_006411685.1
Tragelaphus eurycerus	DISRUPTED_LIKELY	At least one callable assembly supports disruption and no intact model was found, but replication is limited.	3	1	0	0	1	"{""DISRUPTED_STRONG"": 1, ""UNRESOLVED_ASSEMBLY_GAP"": 2}"	GCA_006410755.1;GCA_040438115.1;GCA_935064755.1
Tragelaphus imberbis	UNRESOLVED	Available assemblies do not decisively support intactness or loss.	1	0	0	0	0	"{""UNRESOLVED_ASSEMBLY_GAP"": 1}"	GCA_006410775.1
Tragelaphus oryx	DISRUPTED_POSSIBLE	Some disruption evidence exists but is not strong enough for a species-level loss call.	1	1	0	0	0	"{""DISRUPTED_POSSIBLE"": 1}"	GCA_006416875.1
Tragelaphus scriptus	UNRESOLVED	Available assemblies do not decisively support intactness or loss.	1	0	0	0	0	"{""UNRESOLVED_ASSEMBLY_GAP"": 1}"	GCA_006410495.1
Tragelaphus spekii	UNRESOLVED	Available assemblies do not decisively support intactness or loss.	1	0	0	0	0	"{""UNRESOLVED_ASSEMBLY_GAP"": 1}"	GCA_006411015.1
Tragelaphus strepsiceros	UNRESOLVED	Available assemblies do not decisively support intactness or loss.	1	0	0	0	0	"{""UNRESOLVED_ASSEMBLY_GAP"": 1}"	GCA_006410795.1
Tragulus javanicus	UNRESOLVED	Available assemblies do not decisively support intactness or loss.	2	0	0	0	0	"{""UNRESOLVED_ASSEMBLY_GAP"": 2}"	GCA_004024965.2;GCA_022457235.1
Tragulus kanchil	DISRUPTED_LIKELY	At least one callable assembly supports disruption and no intact model was found, but replication is limited.	2	1	0	0	1	"{""DISRUPTED_STRONG"": 1, ""UNRESOLVED_ASSEMBLY_GAP"": 1}"	GCA_006408655.1;GCA_022376925.1
