species_key	exon_index	exon	assemblies_total	assemblies_ok	coverage_median	coverage_max	callable_fraction_median	identity_median	n_aligned_fraction_median	confidence_score_median	high_conf_assemblies	medium_or_high_assemblies
Addax nasomaculatus	1	exon_1	2	2	0.9432989690721649	0.9432989690721649	0.9432989690721649	0.8688524590163934	0.0	0.9416976508365726	2	2
Addax nasomaculatus	2	exon_2	2	2	1.0	1.0	1.0	0.8914473684210527	0.0	0.9728618421052633	2	2
Addax nasomaculatus	3	exon_3	2	2	0.9713261648745519	0.9713261648745519	0.9713261648745519	0.8886838868388683	0.0	0.9592677459032655	2	2
Addax nasomaculatus	4	exon_4	2	2	0.8732394366197183	0.8732394366197183	0.8732394366197183	0.9032258064516129	0.0	0.9187641980917765	2	2
Addax nasomaculatus	5	exon_5	2	2	0.9919354838709677	0.9919354838709677	0.9919354838709677	0.8943089430894309	0.0	0.9699482035142932	2	2
Addax nasomaculatus	6	exon_6	2	2	0.9533632286995516	0.9533632286995516	0.9533632286995516	0.8720602069614299	0.0	0.9470285046551558	2	2
Aepyceros melampus	1	exon_1	1	1	0.9432989690721649	0.9432989690721649	0.9432989690721649	0.8579234972677595	0.0	0.9389654103994142	1	1
Aepyceros melampus	2	exon_2	1	1	0.9638157894736842	0.9638157894736842	0.9638157894736842	0.8873720136518771	0.0	0.9555601086761272	1	1
Aepyceros melampus	3	exon_3	1	1	0.980884109916368	0.980884109916368	0.980884109916368	0.8635809987819733	0.0	0.957293099157859	1	1
Aepyceros melampus	4	exon_4	1	1	0.8685446009389671	0.8685446009389671	0.8685446009389671	0.8918918918918919	0.0	0.9138180433955082	1	1
Aepyceros melampus	5	exon_5	1	1	0.9919354838709677	0.9919354838709677	0.9919354838709677	0.8943089430894309	0.0	0.9699482035142932	1	1
Aepyceros melampus	6	exon_6	1	1	0.9623318385650225	0.9623318385650225	0.9623318385650225	0.8760484622553588	0.0	0.9520614429180998	1	1
Alcelaphus buselaphus	1	exon_1	1	1	0.0	0.0	0.0	0.0		0.18333333333333332	0	0
Alcelaphus buselaphus	2	exon_2	1	1	0.9769736842105263	0.9769736842105263	0.9769736842105263	0.8888888888888888	0.0	0.8951937134502925	1	1
Alcelaphus buselaphus	3	exon_3	1	1	0.45997610513739545	0.45997610513739545	0.45997610513739545	0.8545454545454545	0.0	0.653958944281525	0	1
Alcelaphus buselaphus	4	exon_4	1	1	0.0	0.0	0.0	0.0		0.18333333333333332	0	0
Alcelaphus buselaphus	5	exon_5	1	1	0.0	0.0	0.0	0.0		0.18333333333333332	0	0
Alcelaphus buselaphus	6	exon_6	1	1	0.0	0.0	0.0	0.0		0.18333333333333332	0	0
Alces alces	1	exon_1	5	5	0.865979381443299	0.8762886597938144	0.865979381443299	0.8630952380952381	0.0	0.9054645311732941	5	5
Alces alces	2	exon_2	5	5	0.9736842105263158	0.9736842105263158	0.9736842105263158	0.8986486486486487	0.0	0.9628200568990044	5	5
Alces alces	3	exon_3	5	5	0.980884109916368	0.980884109916368	0.980884109916368	0.8879415347137637	0.0	0.9633832331408065	5	5
Alces alces	4	exon_4	5	5	0.8732394366197183	0.8732394366197183	0.8732394366197183	0.8870967741935484	0.0	0.9147319400272603	5	5
Alces alces	5	exon_5	5	5	0.9919354838709677	0.9919354838709677	0.9919354838709677	0.8861788617886179	0.0	0.96791568318909	5	5
Alces alces	6	exon_6	5	5	0.9515695067264573	0.9515695067264573	0.9515695067264573	0.8746465598491989	0.0	0.9468679179892056	5	5
Ammotragus lervia	1	exon_1	1	1	0.9432989690721649	0.9432989690721649	0.9432989690721649	0.8579234972677595	0.0	0.9389654103994142	1	1
Ammotragus lervia	2	exon_2	1	1	1.0	1.0	1.0	0.8947368421052632	0.0	0.9736842105263158	1	1
Ammotragus lervia	3	exon_3	1	1	0.973715651135006	0.973715651135006	0.973715651135006	0.8723926380368098	0.0	0.9562702025199552	1	1
Ammotragus lervia	4	exon_4	1	1	0.9953051643192489	0.9953051643192489	0.9953051643192489	0.9009433962264151	0.0	0.9731231730002659	1	1
Ammotragus lervia	5	exon_5	1	1	0.9919354838709677	0.9919354838709677	0.9919354838709677	0.9024390243902439	0.0	0.9719807238394965	1	1
Ammotragus lervia	6	exon_6	1	1	0.9533632286995516	0.9533632286995516	0.9533632286995516	0.8682972718720602	0.0	0.9460877708828133	1	1
Antidorcas marsupialis	1	exon_1	1	1	0.8711340206185567	0.8711340206185567	0.8711340206185567	0.8284023668639053	0.0	0.8991109009943269	1	1
Antidorcas marsupialis	2	exon_2	1	1	1.0	1.0	1.0	0.881578947368421	0.0	0.9703947368421053	1	1
Antidorcas marsupialis	3	exon_3	1	1	0.970131421744325	0.970131421744325	0.970131421744325	0.8633004926108374	0.0	0.9523842629376557	1	1
Antidorcas marsupialis	4	exon_4	1	1	0.8732394366197183	0.8732394366197183	0.8732394366197183	0.9139784946236559	0.0	0.9214523701347872	1	1
Antidorcas marsupialis	5	exon_5	1	1	0.9919354838709677	0.9919354838709677	0.9919354838709677	0.8699186991869918	0.0	0.9638506425386835	1	1
Antidorcas marsupialis	6	exon_6	1	1	0.9300448430493273	0.9300448430493273	0.9300448430493273	0.8794599807135969	0.0	0.9383851745505966	1	1
Antilocapra americana	1	exon_1	5	5	0.9742268041237113	0.9845360824742269	0.9742268041237113	0.8571428571428571	0.0	0.9526877761413844	5	5
Antilocapra americana	2	exon_2	5	5	0.9802631578947368	0.9802631578947368	0.9802631578947368	0.8758389261744967	0.0	0.9600781525962558	5	5
Antilocapra americana	3	exon_3	5	5	0.959378733572282	0.959378733572282	0.959378733572282	0.8717310087173101	0.0	0.9496531822868545	5	5
Antilocapra americana	4	exon_4	5	5	0.9812206572769953	0.9812206572769953	0.9812206572769953	0.8803827751196173	0.0	0.9616449895545522	5	5
Antilocapra americana	5	exon_5	5	5	0.9112903225806451	0.9112903225806451	0.9112903225806451	0.9203539823008849	0.0	0.9401691407365116	5	5
Antilocapra americana	6	exon_6	5	5	0.9856502242152466	0.9856502242152466	0.9856502242152466	0.8844404003639672	0.0	0.9646527009878528	5	5
Axis porcinus	1	exon_1	3	3	0.9690721649484536	0.9690721649484536	0.9690721649484536	0.8723404255319149	0.0	0.9541675806097829	3	3
Axis porcinus	2	exon_2	3	3	0.9243421052631579	0.9243421052631579	0.9243421052631579	0.9074733096085409	0.0	0.9428222747705564	3	3
Axis porcinus	3	exon_3	3	3	0.978494623655914	0.9796893667861409	0.978494623655914	0.873015873015873	0.0	0.9585765488991296	3	3
Axis porcinus	4	exon_4	3	3	0.9953051643192489	0.9953051643192489	0.9953051643192489	0.8867924528301887	0.0	0.9695854371512092	3	3
Axis porcinus	5	exon_5	3	3	0.9919354838709677	0.9919354838709677	0.9919354838709677	0.8780487804878049	0.0	0.9658831628638868	3	3
Axis porcinus	6	exon_6	3	3	0.9551569506726457	0.9551569506726457	0.9551569506726457	0.8751173708920188	0.0	0.9485999705256953	3	3
Beatragus hunteri	1	exon_1	1	1	0.9536082474226805	0.9536082474226805	0.9536082474226805	0.8540540540540541	0.0	0.9426372248537198	1	1
Beatragus hunteri	2	exon_2	1	1	0.9769736842105263	0.9769736842105263	0.9769736842105263	0.8956228956228957	0.0	0.9635438818004608	1	1
Beatragus hunteri	3	exon_3	1	1	0.965352449223417	0.965352449223417	0.965352449223417	0.8836633663366337	0.0	0.9553244437346962	1	1
Beatragus hunteri	4	exon_4	1	1	0.9953051643192489	0.9953051643192489	0.9953051643192489	0.8962264150943396	0.0	0.9719439277172469	1	1
Beatragus hunteri	5	exon_5	1	1	0.9919354838709677	0.9919354838709677	0.9919354838709677	0.8943089430894309	0.0	0.9699482035142932	1	1
Beatragus hunteri	6	exon_6	1	1	0.9399103139013453	0.9399103139013453	0.9399103139013453	0.8645038167938931	0.0	0.9390855954540787	1	1
Bison bison	1	exon_1	2	2	0.8917525773195877	0.8917525773195877	0.8917525773195877	0.8728323699421965	0.0	0.9194967522793636	2	2
Bison bison	2	exon_2	2	2	1.0	1.0	1.0	0.9078947368421053	0.0	0.9769736842105263	2	2
Bison bison	3	exon_3	2	2	0.946236559139785	0.946236559139785	0.946236559139785	0.8787878787878788	0.0	0.945503421309873	2	2
Bison bison	4	exon_4	2	2	0.9953051643192489	0.9953051643192489	0.9953051643192489	0.9009433962264151	0.0	0.9731231730002659	2	2
Bison bison	5	exon_5	2	2	0.9596774193548387	0.9596774193548387	0.9596774193548387	0.8991596638655462	0.0	0.956644754676064	2	2
Bison bison	6	exon_6	2	2	0.9641255605381166	0.9641255605381166	0.9641255605381166	0.8753488372093023	0.0	0.9526937115444781	2	2
Bison bonasus	1	exon_1	1	1	0.0	0.0	0.0	0.0		0.23333333333333334	0	0
Bison bonasus	2	exon_2	1	1	1.0	1.0	1.0	0.9078947368421053	0.0	0.9603070175438597	1	1
Bison bonasus	3	exon_3	1	1	0.946236559139785	0.946236559139785	0.946236559139785	0.8762626262626263	0.0	0.9282054415118932	1	1
Bison bonasus	4	exon_4	1	1	0.9953051643192489	0.9953051643192489	0.9953051643192489	0.8962264150943396	0.0	0.9552772610505803	1	1
Bison bonasus	5	exon_5	1	1	0.9596774193548387	0.9596774193548387	0.9596774193548387	0.8991596638655462	0.0	0.9399780880093974	1	1
Bison bonasus	6	exon_6	1	1	0.9632286995515695	0.9632286995515695	0.9632286995515695	0.8752327746741154	0.0	0.9355944418000686	1	1
Bos frontalis	1	exon_1	3	3	0.8917525773195877	0.8917525773195877	0.8917525773195877	0.8786127167630058	0.0	0.9209418389845659	2	2
Bos frontalis	2	exon_2	3	3	1.0	1.0	1.0	0.9046052631578947	0.0	0.9761513157894737	2	2
Bos frontalis	3	exon_3	3	3	0.945041816009558	0.945041816009558	0.945041816009558	0.8735777496839444	0.0	0.9436632546252872	2	2
Bos frontalis	4	exon_4	3	3	0.8732394366197183	0.8732394366197183	0.8732394366197183	0.9086021505376344	0.0	0.9201082841132818	3	3
Bos frontalis	5	exon_5	3	3	0.9919354838709677	0.9919354838709677	0.9919354838709677	0.9024390243902439	0.0	0.9719807238394965	3	3
Bos frontalis	6	exon_6	3	3	0.9641255605381166	0.9641255605381166	0.9641255605381166	0.8762790697674419	0.0	0.9529262696840131	3	3
Bos gaurus	1	exon_1	2	2	0.8917525773195877	0.8917525773195877	0.8917525773195877	0.8728323699421965	0.0	0.9194967522793636	2	2
Bos gaurus	2	exon_2	2	2	1.0	1.0	1.0	0.9046052631578947	0.0	0.9761513157894737	2	2
Bos gaurus	3	exon_3	2	2	0.946236559139785	0.946236559139785	0.946236559139785	0.8737373737373737	0.0	0.9442407950472467	2	2
Bos gaurus	4	exon_4	2	2	0.9953051643192489	0.9953051643192489	0.9953051643192489	0.9033018867924528	0.0	0.9737127956417753	2	2
Bos gaurus	5	exon_5	2	2	0.9919354838709677	0.9919354838709677	0.9919354838709677	0.9186991869918699	0.0	0.976045764489903	2	2
Bos gaurus	6	exon_6	2	2	0.9645739910313902	0.9650224215246637	0.9645739910313902	0.8712220108930577	0.0	0.9518637986873901	2	2
Bos gaurus x Bos taurus	1	exon_1	1	1	0.8917525773195877	0.8917525773195877	0.8917525773195877	0.8728323699421965	0.0	0.9194967522793636	1	1
Bos gaurus x Bos taurus	2	exon_2	1	1	1.0	1.0	1.0	0.9078947368421053	0.0	0.9769736842105263	1	1
Bos gaurus x Bos taurus	3	exon_3	1	1	0.946236559139785	0.946236559139785	0.946236559139785	0.8825757575757576	0.0	0.9464503910068427	1	1
Bos gaurus x Bos taurus	4	exon_4	1	1	0.9953051643192489	0.9953051643192489	0.9953051643192489	0.9056603773584906	0.0	0.9743024182832847	1	1
Bos gaurus x Bos taurus	5	exon_5	1	1	0.9919354838709677	0.9919354838709677	0.9919354838709677	0.9024390243902439	0.0	0.9719807238394965	1	1
Bos gaurus x Bos taurus	6	exon_6	1	1	0.9641255605381166	0.9641255605381166	0.9641255605381166	0.8762790697674419	0.0	0.9529262696840131	1	1
Bos grunniens	1	exon_1	5	5	0.8917525773195877	0.8917525773195877	0.8917525773195877	0.8728323699421965	0.0	0.9194967522793636	5	5
Bos grunniens	2	exon_2	5	5	1.0	1.0	1.0	0.8980263157894737	0.0	0.9745065789473685	5	5
Bos grunniens	3	exon_3	5	5	0.946236559139785	0.946236559139785	0.946236559139785	0.8762626262626263	0.0	0.9448721081785598	5	5
Bos grunniens	4	exon_4	5	5	0.8732394366197183	0.8732394366197183	0.8732394366197183	0.9086021505376344	0.0	0.9201082841132818	5	5
Bos grunniens	5	exon_5	5	5	0.9919354838709677	0.9919354838709677	0.9919354838709677	0.9186991869918699	0.0	0.976045764489903	5	5
Bos grunniens	6	exon_6	5	5	0.9641255605381166	0.9641255605381166	0.9641255605381166	0.8706976744186047	0.0	0.9515309208468037	5	5
Bos grunniens x Bos taurus	1	exon_1	2	2	0.8917525773195877	0.8917525773195877	0.8917525773195877	0.8728323699421965	0.0	0.9194967522793636	2	2
Bos grunniens x Bos taurus	2	exon_2	2	2	1.0	1.0	1.0	0.9029605263157895	0.0	0.9757401315789473	2	2
Bos grunniens x Bos taurus	3	exon_3	2	2	0.9444444444444444	0.946236559139785	0.9444444444444444	0.8810946921688366	0.0	0.9452736730422092	2	2
Bos grunniens x Bos taurus	4	exon_4	2	2	0.9342723004694835	0.9953051643192489	0.9342723004694835	0.9071312639480624	0.0	0.9472053511982832	2	2
Bos grunniens x Bos taurus	5	exon_5	2	2	0.9919354838709677	0.9919354838709677	0.9919354838709677	0.910569105691057	0.0	0.9740132441646998	2	2
Bos grunniens x Bos taurus	6	exon_6	2	2	0.9641255605381166	0.9641255605381166	0.9641255605381166	0.8734883720930233	0.0	0.9522285952654084	2	2
Bos indicus	1	exon_1	47	47	0.8917525773195877	0.8917525773195877	0.8917525773195877	0.8728323699421965	0.0	0.9194967522793636	46	46
Bos indicus	2	exon_2	47	47	1.0	1.0	1.0	0.9046052631578947	0.0	0.9761513157894737	46	46
Bos indicus	3	exon_3	47	47	0.946236559139785	0.946236559139785	0.946236559139785	0.8825757575757576	0.0	0.9464503910068427	46	46
Bos indicus	4	exon_4	47	47	0.9953051643192489	0.9953051643192489	0.9953051643192489	0.9056603773584906	0.0	0.9743024182832847	47	47
Bos indicus	5	exon_5	47	47	0.9919354838709677	0.9919354838709677	0.9919354838709677	0.9024390243902439	0.0	0.9719807238394965	47	47
Bos indicus	6	exon_6	47	47	0.9641255605381166	0.9650224215246637	0.9641255605381166	0.8762790697674419	0.0	0.9529262696840131	47	47
Bos indicus x Bos taurus	1	exon_1	10	10	0.8917525773195877	0.8917525773195877	0.8917525773195877	0.8757225433526011	0.0	0.9202192956319648	10	10
Bos indicus x Bos taurus	2	exon_2	10	10	1.0	1.0	1.0	0.9029605263157894	0.0	0.9757401315789473	10	10
Bos indicus x Bos taurus	3	exon_3	10	10	0.946236559139785	0.946236559139785	0.946236559139785	0.8825757575757576	0.0	0.9464503910068427	10	10
Bos indicus x Bos taurus	4	exon_4	10	10	0.9953051643192489	0.9953051643192489	0.9953051643192489	0.9056603773584906	0.0	0.9743024182832847	10	10
Bos indicus x Bos taurus	5	exon_5	10	10	0.9879032258064516	0.9919354838709677	0.9879032258064516	0.9061375449820073	0.0	0.9710908378584051	10	10
Bos indicus x Bos taurus	6	exon_6	10	10	0.9641255605381166	0.9641255605381166	0.9641255605381166	0.8753488372093023	0.0	0.9526937115444781	10	10
Bos javanicus	1	exon_1	2	2	0.8917525773195877	0.8917525773195877	0.8917525773195877	0.8728323699421965	0.0	0.9194967522793636	2	2
Bos javanicus	2	exon_2	2	2	1.0	1.0	1.0	0.9046052631578947	0.0	0.9761513157894737	2	2
Bos javanicus	3	exon_3	2	2	0.946236559139785	0.946236559139785	0.946236559139785	0.8813131313131313	0.0	0.9461347344411861	2	2
Bos javanicus	4	exon_4	2	2	0.9953051643192489	0.9953051643192489	0.9953051643192489	0.9009433962264151	0.0	0.9731231730002659	2	2
Bos javanicus	5	exon_5	2	2	0.9919354838709677	0.9919354838709677	0.9919354838709677	0.9186991869918699	0.0	0.976045764489903	2	2
Bos javanicus	6	exon_6	2	2	0.9641255605381166	0.9641255605381166	0.9641255605381166	0.8706976744186047	0.0	0.9515309208468037	2	2
Bos mutus	1	exon_1	6	6	0.8917525773195877	0.8917525773195877	0.8917525773195877	0.8728323699421965	0.0	0.9194967522793636	6	6
Bos mutus	2	exon_2	6	6	1.0	1.0	1.0	0.8980263157894737	0.0	0.9745065789473685	6	6
Bos mutus	3	exon_3	6	6	0.946236559139785	0.946236559139785	0.946236559139785	0.8762626262626263	0.0	0.9448721081785598	6	6
Bos mutus	4	exon_4	6	6	0.8732394366197183	0.8732394366197183	0.8732394366197183	0.9086021505376344	0.0	0.9201082841132818	6	6
Bos mutus	5	exon_5	6	6	0.9919354838709677	0.9919354838709677	0.9919354838709677	0.9186991869918699	0.0	0.976045764489903	6	6
Bos mutus	6	exon_6	6	6	0.9641255605381166	0.9641255605381166	0.9641255605381166	0.8706976744186047	0.0	0.9515309208468037	6	6
Bos taurus	1	exon_1	204	204	0.8917525773195877	0.8917525773195877	0.8917525773195877	0.8728323699421965	0.0	0.9194967522793636	204	204
Bos taurus	2	exon_2	204	204	1.0	1.0	1.0	0.9078947368421053	0.0	0.9769736842105263	204	204
Bos taurus	3	exon_3	204	204	0.946236559139785	0.946236559139785	0.946236559139785	0.8825757575757576	0.0	0.9461347344411861	204	204
Bos taurus	4	exon_4	204	204	0.9953051643192489	0.9953051643192489	0.9953051643192489	0.9056603773584906	0.0	0.9743024182832847	203	203
Bos taurus	5	exon_5	204	204	0.9919354838709677	0.9919354838709677	0.9919354838709677	0.9024390243902439	0.0	0.9719807238394965	203	203
Bos taurus	6	exon_6	204	204	0.9641255605381166	0.9641255605381166	0.9641255605381166	0.8762790697674419	0.0	0.9529262696840131	203	203
Bos taurus x Bison bison	1	exon_1	3	3	0.8917525773195877	0.8917525773195877	0.8917525773195877	0.8728323699421965	0.0	0.9194967522793636	3	3
Bos taurus x Bison bison	2	exon_2	3	3	1.0	1.0	1.0	0.9046052631578947	0.0	0.9761513157894737	3	3
Bos taurus x Bison bison	3	exon_3	3	3	0.946236559139785	0.946236559139785	0.946236559139785	0.8787878787878788	0.0	0.945503421309873	3	3
Bos taurus x Bison bison	4	exon_4	3	3	0.9953051643192489	0.9953051643192489	0.9953051643192489	0.9009433962264151	0.0	0.9731231730002659	3	3
Bos taurus x Bison bison	5	exon_5	3	3	0.9596774193548387	0.9919354838709677	0.9596774193548387	0.8991596638655462	0.0	0.956644754676064	3	3
Bos taurus x Bison bison	6	exon_6	3	3	0.9641255605381166	0.9641255605381166	0.9641255605381166	0.8762790697674419	0.0	0.9529262696840131	3	3
Bubalus bubalis	1	exon_1	16	16	0.0	0.0	0.0	0.0		0.21666666666666667	0	0
Bubalus bubalis	2	exon_2	16	16	0.0	0.0	0.0	0.0		0.21666666666666667	0	0
Bubalus bubalis	3	exon_3	16	16	0.931899641577061	0.9390681003584229	0.931899641577061	0.8826923076923077	0.0	0.9068548387096774	14	14
Bubalus bubalis	4	exon_4	16	16	0.9953051643192489	0.9953051643192489	0.9953051643192489	0.8962264150943396	0.0	0.9386105943839136	16	16
Bubalus bubalis	5	exon_5	16	16	0.9919354838709677	0.9919354838709677	0.9919354838709677	0.9105691056910569	0.0	0.9406799108313665	16	16
Bubalus bubalis	6	exon_6	16	16	0.9632286995515695	0.9632286995515695	0.9632286995515695	0.8780260707635009	0.0	0.9196260991557482	16	16
Bubalus depressicornis	1	exon_1	1	1	0.0	0.0	0.0	0.0		0.2	0	0
Bubalus depressicornis	2	exon_2	1	1	0.0	0.0	0.0	0.0		0.2	0	0
Bubalus depressicornis	3	exon_3	1	1	0.0	0.0	0.0	0.0		0.2	0	0
Bubalus depressicornis	4	exon_4	1	1	0.9953051643192489	0.9953051643192489	0.9953051643192489	0.8962264150943396	0.0	0.921943927717247	1	1
Bubalus depressicornis	5	exon_5	1	1	0.9919354838709677	0.9919354838709677	0.9919354838709677	0.9105691056910569	0.0	0.9240132441646999	1	1
Bubalus depressicornis	6	exon_6	1	1	0.9632286995515695	0.9632286995515695	0.9632286995515695	0.8780260707635009	0.0	0.9029594324890816	1	1
Bubalus kerabau	1	exon_1	3	3	0.0	0.0	0.0	0.0		0.21666666666666667	0	0
Bubalus kerabau	2	exon_2	3	3	0.0	0.0	0.0	0.0		0.21666666666666667	0	0
Bubalus kerabau	3	exon_3	3	3	0.931899641577061	0.931899641577061	0.931899641577061	0.8807692307692307	0.0	0.9062138130686518	3	3
Bubalus kerabau	4	exon_4	3	3	0.9953051643192489	0.9953051643192489	0.9953051643192489	0.9009433962264151	0.0	0.9397898396669325	3	3
Bubalus kerabau	5	exon_5	3	3	0.9919354838709677	0.9919354838709677	0.9919354838709677	0.9105691056910569	0.0	0.9406799108313665	3	3
Bubalus kerabau	6	exon_6	3	3	0.9632286995515695	0.9632286995515695	0.9632286995515695	0.8770949720670391	0.0	0.9193933244816328	3	3
Budorcas taxicolor	1	exon_1	2	2	0.9432989690721649	0.9432989690721649	0.9432989690721649	0.8524590163934426	0.0	0.9375992901808349	2	2
Budorcas taxicolor	2	exon_2	2	2	1.0	1.0	1.0	0.8947368421052632	0.0	0.9736842105263158	2	2
Budorcas taxicolor	3	exon_3	2	2	0.972520908004779	0.972520908004779	0.972520908004779	0.8845208845208845	0.0	0.9587646297323718	2	2
Budorcas taxicolor	4	exon_4	2	2	0.9953051643192489	0.9953051643192489	0.9953051643192489	0.8820754716981132	0.0	0.9684061918681903	2	2
Budorcas taxicolor	5	exon_5	2	2	0.9919354838709677	0.9919354838709677	0.9919354838709677	0.8943089430894309	0.0	0.9699482035142932	2	2
Budorcas taxicolor	6	exon_6	2	2	0.9533632286995516	0.9533632286995516	0.9533632286995516	0.8720602069614299	0.0	0.9470285046551558	2	2
Capra aegagrus	1	exon_1	2	2	0.9432989690721649	0.9432989690721649	0.9432989690721649	0.8469945355191257	0.0	0.9362331699622557	2	2
Capra aegagrus	2	exon_2	2	2	1.0	1.0	1.0	0.8947368421052632	0.0	0.9736842105263158	2	2
Capra aegagrus	3	exon_3	2	2	0.96415770609319	0.96415770609319	0.96415770609319	0.8841387856257745	0.0	0.9549056641483792	2	2
Capra aegagrus	4	exon_4	2	2	0.9953051643192489	0.9953051643192489	0.9953051643192489	0.8962264150943396	0.0	0.9719439277172469	2	2
Capra aegagrus	5	exon_5	2	2	0.9919354838709677	0.9919354838709677	0.9919354838709677	0.9105691056910569	0.0	0.9740132441646998	2	2
Capra aegagrus	6	exon_6	2	2	0.9533632286995516	0.9533632286995516	0.9533632286995516	0.8692380056444027	0.0	0.9463229543258989	2	2
Capra falconeri	1	exon_1	1	1	0.9432989690721649	0.9432989690721649	0.9432989690721649	0.8469945355191257	0.0	0.8862331699622558	1	1
Capra falconeri	2	exon_2	1	1	1.0	1.0	1.0	0.8947368421052632	0.0	0.9236842105263159	1	1
Capra falconeri	3	exon_3	1	1	0.96415770609319	0.96415770609319	0.96415770609319	0.8835192069392813	0.0	0.9047507694767559	1	1
Capra falconeri	4	exon_4	1	1	0.1784037558685446	0.1784037558685446	0.1784037558685446	0.8947368421052632	0.0	0.553965900667161	0	0
Capra falconeri	5	exon_5	1	1	0.0	0.0	0.0	0.0		0.2	0	0
Capra falconeri	6	exon_6	1	1	0.0	0.0	0.0	0.0		0.2	0	0
Capra hircus	1	exon_1	68	68	0.9432989690721649	0.9432989690721649	0.9432989690721649	0.8469945355191257	0.0	0.9362331699622557	68	68
Capra hircus	2	exon_2	68	68	1.0	1.0	1.0	0.8947368421052632	0.0	0.9736842105263158	68	68
Capra hircus	3	exon_3	68	68	0.96415770609319	0.96415770609319	0.96415770609319	0.8828273696962988	0.0	0.9544409801335093	68	68
Capra hircus	4	exon_4	68	68	0.9953051643192489	0.9953051643192489	0.9953051643192489	0.8962264150943396	0.0	0.9719439277172469	68	68
Capra hircus	5	exon_5	68	68	0.9919354838709677	0.9919354838709677	0.9919354838709677	0.9105691056910569	0.0	0.9740132441646998	68	68
Capra hircus	6	exon_6	68	68	0.9533632286995516	0.9533632286995516	0.9533632286995516	0.8692380056444027	0.0	0.9463229543258989	68	68
Capra ibex	1	exon_1	2	2	0.9432989690721649	0.9432989690721649	0.9432989690721649	0.8469945355191257	0.0	0.9362331699622557	2	2
Capra ibex	2	exon_2	2	2	1.0	1.0	1.0	0.893092105263158	0.0	0.9732730263157896	2	2
Capra ibex	3	exon_3	2	2	0.96415770609319	0.96415770609319	0.96415770609319	0.8822800495662949	0.0	0.9544409801335092	2	2
Capra ibex	4	exon_4	2	2	0.9906103286384977	0.9953051643192489	0.9906103286384977	0.8909928122192272	0.0	0.9685228509421309	2	2
Capra ibex	5	exon_5	2	2	0.9919354838709677	0.9919354838709677	0.9919354838709677	0.9105691056910569	0.0	0.9740132441646998	2	2
Capra ibex	6	exon_6	2	2	0.9533632286995516	0.9533632286995516	0.9533632286995516	0.8701787394167451	0.0	0.9465581377689845	2	2
Capra nubiana	1	exon_1	2	2	0.9432989690721649	0.9432989690721649	0.9432989690721649	0.8469945355191257	0.0	0.9362331699622557	2	2
Capra nubiana	2	exon_2	2	2	1.0	1.0	1.0	0.8914473684210527	0.0	0.9728618421052633	2	2
Capra nubiana	3	exon_3	2	2	0.96415770609319	0.96415770609319	0.96415770609319	0.8822800495662949	0.0	0.9544409801335093	2	2
Capra nubiana	4	exon_4	2	2	0.9953051643192489	0.9953051643192489	0.9953051643192489	0.8915094339622641	0.0	0.9707646824342281	2	2
Capra nubiana	5	exon_5	2	2	0.9919354838709677	0.9919354838709677	0.9919354838709677	0.9105691056910569	0.0	0.9740132441646998	2	2
Capra nubiana	6	exon_6	2	2	0.9533632286995516	0.9533632286995516	0.9533632286995516	0.8682972718720602	0.0	0.9460877708828133	2	2
Capra sibirica	1	exon_1	1	1	0.9432989690721649	0.9432989690721649	0.9432989690721649	0.8469945355191257	0.0	0.9362331699622557	1	1
Capra sibirica	2	exon_2	1	1	1.0	1.0	1.0	0.8947368421052632	0.0	0.9736842105263158	1	1
Capra sibirica	3	exon_3	1	1	0.96415770609319	0.96415770609319	0.96415770609319	0.8810408921933085	0.0	0.9541311907902627	1	1
Capra sibirica	4	exon_4	1	1	0.9859154929577465	0.9859154929577465	0.9859154929577465	0.8904761904761904	0.0	0.9662810194500335	1	1
Capra sibirica	5	exon_5	1	1	0.9919354838709677	0.9919354838709677	0.9919354838709677	0.9105691056910569	0.0	0.9740132441646998	1	1
Capra sibirica	6	exon_6	1	1	0.9533632286995516	0.9533632286995516	0.9533632286995516	0.8701787394167451	0.0	0.9465581377689845	1	1
Capreolus capreolus	1	exon_1	2	2	0.4896907216494845	0.979381443298969	0.4896907216494845	0.4263157894736842	0.0	0.5936064387773557	1	1
Capreolus capreolus	2	exon_2	2	2	0.6134868421052632	0.9736842105263158	0.6134868421052632	0.8959503334503334	0.0	0.7917233289766186	1	1
Capreolus capreolus	3	exon_3	2	2	0.9802867383512545	0.980884109916368	0.9802867383512545	0.877512551617599	0.0	0.952173836829131	2	2
Capreolus capreolus	4	exon_4	2	2	0.8732394366197183	0.8732394366197183	0.8732394366197183	0.8817204301075269	0.0	0.9050545206724216	2	2
Capreolus capreolus	5	exon_5	2	2	0.9919354838709677	0.9919354838709677	0.9919354838709677	0.8943089430894309	0.0	0.9616148701809599	2	2
Capreolus capreolus	6	exon_6	2	2	0.9497757847533632	0.9497757847533632	0.9497757847533632	0.8720491029272899	0.0	0.9370780455375027	2	2
Capreolus pygargus	1	exon_1	1	1	0.979381443298969	0.979381443298969	0.979381443298969	0.8315789473684211	0.0	0.9486163863266414	1	1
Capreolus pygargus	2	exon_2	1	1	0.9736842105263158	0.9736842105263158	0.9736842105263158	0.902027027027027	0.0	0.9636646514935989	1	1
Capreolus pygargus	3	exon_3	1	1	0.980884109916368	0.980884109916368	0.980884109916368	0.8806333739342266	0.0	0.9615561929459223	1	1
Capreolus pygargus	4	exon_4	1	1	0.8732394366197183	0.8732394366197183	0.8732394366197183	0.8870967741935484	0.0	0.9147319400272603	1	1
Capreolus pygargus	5	exon_5	1	1	0.9919354838709677	0.9919354838709677	0.9919354838709677	0.8943089430894309	0.0	0.9699482035142932	1	1
Capreolus pygargus	6	exon_6	1	1	0.9542600896860987	0.9542600896860987	0.9542600896860987	0.8796992481203008	0.0	0.9493418523888196	1	1
Capricornis sumatraensis	1	exon_1	2	2	0.9432989690721649	0.9432989690721649	0.9432989690721649	0.8579234972677595	0.0	0.9389654103994142	2	2
Capricornis sumatraensis	2	exon_2	2	2	1.0	1.0	1.0	0.881578947368421	0.0	0.9703947368421053	2	2
Capricornis sumatraensis	3	exon_3	2	2	0.967741935483871	0.967741935483871	0.967741935483871	0.8814814814814815	0.0	0.9558542413381124	2	2
Capricornis sumatraensis	4	exon_4	2	2	0.9953051643192489	0.9953051643192489	0.9953051643192489	0.8820754716981132	0.0	0.9684061918681903	2	2
Capricornis sumatraensis	5	exon_5	2	2	0.9919354838709677	0.9919354838709677	0.9919354838709677	0.9024390243902439	0.0	0.9719807238394965	2	2
Capricornis sumatraensis	6	exon_6	2	2	0.9533632286995516	0.9533632286995516	0.9533632286995516	0.8711194731890874	0.0	0.94679332121207	2	2
Cephalophula zebra	1	exon_1	2	2	0.8969072164948454	0.8969072164948454	0.8969072164948454	0.8649425287356322	0.0	0.9198438796065885	2	2
Cephalophula zebra	2	exon_2	2	2	1.0	1.0	1.0	0.8947368421052632	0.0	0.9736842105263158	2	2
Cephalophula zebra	3	exon_3	2	2	0.972520908004779	0.972520908004779	0.972520908004779	0.8783783783783784	0.0	0.9572290031967452	2	2
Cephalophula zebra	4	exon_4	2	2	0.9953051643192489	0.9953051643192489	0.9953051643192489	0.9009433962264151	0.0	0.9731231730002659	2	2
Cephalophula zebra	5	exon_5	2	2	0.9919354838709677	0.9919354838709677	0.9919354838709677	0.9024390243902439	0.0	0.9719807238394965	2	2
Cephalophula zebra	6	exon_6	2	2	0.967713004484305	0.967713004484305	0.967713004484305	0.8822984244670992	0.0	0.9560454581347121	2	2
Cephalophus harveyi	1	exon_1	1	1	0.9432989690721649	0.9432989690721649	0.9432989690721649	0.8688524590163934	0.0	0.9416976508365726	1	1
Cephalophus harveyi	2	exon_2	1	1	0.9868421052631579	0.9868421052631579	0.9868421052631579	0.8966666666666666	0.0	0.9682456140350877	1	1
Cephalophus harveyi	3	exon_3	1	1	0.972520908004779	0.972520908004779	0.972520908004779	0.8808353808353808	0.0	0.9578432538109958	1	1
Cephalophus harveyi	4	exon_4	1	1	0.8732394366197183	0.8732394366197183	0.8732394366197183	0.8978494623655914	0.0	0.9174201120702711	1	1
Cephalophus harveyi	5	exon_5	1	1	0.9919354838709677	0.9919354838709677	0.9919354838709677	0.8943089430894309	0.0	0.9699482035142932	1	1
Cephalophus harveyi	6	exon_6	1	1	0.968609865470852	0.968609865470852	0.968609865470852	0.8796296296296297	0.0	0.9557818468692909	1	1
Cervus albirostris	1	exon_1	2	2	0.9690721649484536	0.9690721649484536	0.9690721649484536	0.8803191489361701	0.0	0.9394955947941801	2	2
Cervus albirostris	2	exon_2	2	2	0.9703947368421053	0.9703947368421053	0.9703947368421053	0.911864406779661	0.0	0.947977066607196	2	2
Cervus albirostris	3	exon_3	2	2	0.980884109916368	0.980884109916368	0.980884109916368	0.8855054811205847	0.0	0.9461075530758452	2	2
Cervus albirostris	4	exon_4	2	2	0.0	0.0	0.0	0.0		0.23333333333333334	0	0
Cervus albirostris	5	exon_5	2	2	0.9919354838709677	0.9919354838709677	0.9919354838709677	0.8861788617886179	0.0	0.9512490165224234	2	2
Cervus albirostris	6	exon_6	2	2	0.9551569506726457	0.9551569506726457	0.9551569506726457	0.8723004694835681	0.0	0.9312290785069159	2	2
Cervus canadensis	1	exon_1	2	2	0.9639175257731959	0.9639175257731959	0.9639175257731959	0.8770053475935828	0.0	0.9363475568296673	2	2
Cervus canadensis	2	exon_2	2	2	0.9703947368421053	0.9703947368421053	0.9703947368421053	0.911864406779661	0.0	0.947977066607196	2	2
Cervus canadensis	3	exon_3	2	2	0.980884109916368	0.980884109916368	0.980884109916368	0.8855054811205847	0.0	0.9461075530758452	2	2
Cervus canadensis	4	exon_4	2	2	0.0	0.0	0.0	0.0		0.23333333333333334	0	0
Cervus canadensis	5	exon_5	2	2	0.9919354838709677	0.9919354838709677	0.9919354838709677	0.8861788617886179	0.0	0.9512490165224234	2	2
Cervus canadensis	6	exon_6	2	2	0.9551569506726457	0.9551569506726457	0.9551569506726457	0.8723004694835681	0.0	0.931229078506916	2	2
Cervus elaphus	1	exon_1	5	5	0.9690721649484536	0.9690721649484536	0.9690721649484536	0.8829787234042553	0.0	0.9401604884112014	5	5
Cervus elaphus	2	exon_2	5	5	0.9703947368421053	0.9703947368421053	0.9703947368421053	0.9084745762711864	0.0	0.9471296089800775	5	5
Cervus elaphus	3	exon_3	5	5	0.980884109916368	0.980884109916368	0.980884109916368	0.8879415347137637	0.0	0.9467165664741399	4	5
Cervus elaphus	4	exon_4	5	5	0.0	0.0	0.0	0.0		0.23333333333333334	0	0
Cervus elaphus	5	exon_5	5	5	0.9919354838709677	0.9919354838709677	0.9919354838709677	0.8943089430894309	0.0	0.9532815368476266	5	5
Cervus elaphus	6	exon_6	5	5	0.9551569506726457	0.9551569506726457	0.9551569506726457	0.8741784037558685	0.0	0.9316985620749911	5	5
Cervus hanglu	1	exon_1	1	1	0.9690721649484536	0.9690721649484536	0.9690721649484536	0.8776595744680851	0.0	0.9388307011771588	1	1
Cervus hanglu	2	exon_2	1	1	0.9703947368421053	0.9703947368421053	0.9703947368421053	0.911864406779661	0.0	0.947977066607196	1	1
Cervus hanglu	3	exon_3	1	1	0.980884109916368	0.980884109916368	0.980884109916368	0.8867235079171741	0.0	0.9464120597749925	1	1
Cervus hanglu	4	exon_4	1	1	0.0	0.0	0.0	0.0		0.23333333333333334	0	0
Cervus hanglu	5	exon_5	1	1	0.9919354838709677	0.9919354838709677	0.9919354838709677	0.8943089430894309	0.0	0.9532815368476266	1	1
Cervus hanglu	6	exon_6	1	1	0.9551569506726457	0.9551569506726457	0.9551569506726457	0.8713615023474178	0.0	0.9309943367228785	1	1
Cervus nippon	1	exon_1	5	5	0.9690721649484536	0.9690721649484536	0.9690721649484536	0.8829787234042553	0.0	0.9401604884112014	5	5
Cervus nippon	2	exon_2	5	5	0.9736842105263158	0.9736842105263158	0.9736842105263158	0.8986486486486487	0.0	0.9461533902323378	5	5
Cervus nippon	3	exon_3	5	5	0.9796893667861409	0.980884109916368	0.9796893667861409	0.876979293544458	0.0	0.9439760061818135	5	5
Cervus nippon	4	exon_4	5	5	0.0	0.0	0.0	0.0		0.23333333333333334	0	0
Cervus nippon	5	exon_5	5	5	0.9919354838709677	0.9919354838709677	0.9919354838709677	0.8861788617886179	0.0	0.9512490165224234	5	5
Cervus nippon	6	exon_6	5	5	0.9551569506726457	0.9551569506726457	0.9551569506726457	0.8713615023474178	0.0	0.9309943367228785	5	5
Connochaetes taurinus	1	exon_1	1	1	0.9381443298969072	0.9381443298969072	0.9381443298969072	0.8406593406593407	0.0	0.9323297836184434	1	1
Connochaetes taurinus	2	exon_2	1	1	0.9769736842105263	0.9769736842105263	0.9769736842105263	0.8956228956228957	0.0	0.9635438818004608	1	1
Connochaetes taurinus	3	exon_3	1	1	0.966547192353644	0.966547192353644	0.966547192353644	0.8838071693448702	0.0	0.9558980288953574	1	1
Connochaetes taurinus	4	exon_4	1	1	0.9953051643192489	0.9953051643192489	0.9953051643192489	0.9009433962264151	0.0	0.9731231730002659	1	1
Connochaetes taurinus	5	exon_5	1	1	0.9919354838709677	0.9919354838709677	0.9919354838709677	0.9024390243902439	0.0	0.9719807238394965	1	1
Connochaetes taurinus	6	exon_6	1	1	0.9399103139013453	0.9399103139013453	0.9399103139013453	0.8711832061068703	0.0	0.940755442782323	1	1
Dama dama	1	exon_1	4	4	0.979381443298969	0.979381443298969	0.979381443298969	0.8736842105263158	0.0	0.9591427021161151	4	4
Dama dama	2	exon_2	4	4	0.9736842105263158	0.9736842105263158	0.9736842105263158	0.9155405405405406	0.0	0.9670430298719773	4	4
Dama dama	3	exon_3	4	4	0.9796893667861409	0.9796893667861409	0.9796893667861409	0.8804878048780488	0.0	0.9609821662732757	4	4
Dama dama	4	exon_4	4	4	0.8732394366197183	0.8732394366197183	0.8732394366197183	0.8763440860215054	0.0	0.9120437679842496	4	4
Dama dama	5	exon_5	4	4	0.9919354838709677	0.9919354838709677	0.9919354838709677	0.8861788617886179	0.0	0.96791568318909	4	4
Dama dama	6	exon_6	4	4	0.9605381165919282	0.9605381165919282	0.9605381165919282	0.8683473389355743	0.0	0.9493289872002613	4	4
Damaliscus lunatus	1	exon_1	1	1	0.9536082474226805	0.9536082474226805	0.9536082474226805	0.8432432432432433	0.0	0.9399345221510171	1	1
Damaliscus lunatus	2	exon_2	1	1	0.9769736842105263	0.9769736842105263	0.9769736842105263	0.8956228956228957	0.0	0.9635438818004608	1	1
Damaliscus lunatus	3	exon_3	1	1	0.966547192353644	0.966547192353644	0.966547192353644	0.8825710754017305	0.0	0.9555890054095725	1	1
Damaliscus lunatus	4	exon_4	1	1	0.9953051643192489	0.9953051643192489	0.9953051643192489	0.9009433962264151	0.0	0.9731231730002659	1	1
Damaliscus lunatus	5	exon_5	1	1	0.9919354838709677	0.9919354838709677	0.9919354838709677	0.9105691056910569	0.0	0.9740132441646998	1	1
Damaliscus lunatus	6	exon_6	1	1	0.9399103139013453	0.9399103139013453	0.9399103139013453	0.8730916030534351	0.0	0.9412325420189642	1	1
Elaphurus davidianus	1	exon_1	2	2	0.9690721649484536	0.9690721649484536	0.9690721649484536	0.8776595744680851	0.0	0.9388307011771588	2	2
Elaphurus davidianus	2	exon_2	2	2	0.9703947368421053	0.9703947368421053	0.9703947368421053	0.9152542372881356	0.0	0.9488245242343147	2	2
Elaphurus davidianus	3	exon_3	2	2	0.9802867383512545	0.980884109916368	0.9802867383512545	0.8823883723002881	0.0	0.94505945866647	2	2
Elaphurus davidianus	4	exon_4	2	2	0.0	0.0	0.0	0.0		0.23333333333333334	0	0
Elaphurus davidianus	5	exon_5	2	2	0.9919354838709677	0.9919354838709677	0.9919354838709677	0.8861788617886179	0.0	0.9512490165224234	2	2
Elaphurus davidianus	6	exon_6	2	2	0.9551569506726457	0.9551569506726457	0.9551569506726457	0.8741784037558685	0.0	0.9316985620749911	2	2
Eudorcas thomsonii	1	exon_1	1	1	0.0	0.0	0.0	0.0		0.23333333333333334	0	0
Eudorcas thomsonii	2	exon_2	1	1	1.0	1.0	1.0	0.8519736842105263	0.0	0.946326754385965	1	1
Eudorcas thomsonii	3	exon_3	1	1	0.978494623655914	0.978494623655914	0.978494623655914	0.8608058608058609	0.0	0.9388573791799599	1	1
Eudorcas thomsonii	4	exon_4	1	1	0.8732394366197183	0.8732394366197183	0.8732394366197183	0.8870967741935484	0.0	0.8980652733605937	1	1
Eudorcas thomsonii	5	exon_5	1	1	0.9758064516129032	0.9758064516129032	0.9758064516129032	0.8842975206611571	0.0	0.9435206167244292	1	1
Eudorcas thomsonii	6	exon_6	1	1	0.95695067264574	0.95695067264574	0.95695067264574	0.872539831302718	0.0	0.9320960938495959	1	1
Giraffa camelopardalis	1	exon_1	3	3	0.9742268041237113	0.9742268041237113	0.9742268041237113	0.873015873015873	0.0	0.9566560301096384	3	3
Giraffa camelopardalis	2	exon_2	3	3	0.9967105263157895	0.9967105263157895	0.9967105263157895	0.9075907590759076	0.0	0.9754174266110822	3	3
Giraffa camelopardalis	3	exon_3	3	3	0.97610513739546	0.97610513739546	0.97610513739546	0.8971848225214198	0.0	0.963543517458312	3	3
Giraffa camelopardalis	4	exon_4	3	3	0.9953051643192489	0.9953051643192489	0.9953051643192489	0.8820754716981132	0.0	0.9684061918681903	3	3
Giraffa camelopardalis	5	exon_5	3	3	0.9919354838709677	0.9919354838709677	0.9919354838709677	0.8943089430894309	0.0	0.9699482035142932	3	3
Giraffa camelopardalis	6	exon_6	3	3	0.9955156950672646	0.9955156950672646	0.9955156950672646	0.8855855855855855	0.0	0.9693784591766655	3	3
Giraffa tippelskirchi	1	exon_1	7	7	0.9742268041237113	0.9742268041237113	0.9742268041237113	0.8783068783068783	0.0	0.9579787814323897	7	7
Giraffa tippelskirchi	2	exon_2	7	7	0.9967105263157895	0.9967105263157895	0.9967105263157895	0.9108910891089109	0.0	0.9762425091193331	7	7
Giraffa tippelskirchi	3	exon_3	7	7	0.97610513739546	0.97610513739546	0.97610513739546	0.8959608323133414	0.0	0.9632375199062924	7	7
Giraffa tippelskirchi	4	exon_4	7	7	0.9953051643192489	0.9953051643192489	0.9953051643192489	0.8820754716981132	0.0	0.9684061918681903	7	7
Giraffa tippelskirchi	5	exon_5	7	7	0.9919354838709677	0.9919354838709677	0.9919354838709677	0.8943089430894309	0.0	0.9699482035142932	7	7
Giraffa tippelskirchi	6	exon_6	7	7	0.9955156950672646	0.9955156950672646	0.9955156950672646	0.8855855855855855	0.0	0.9693784591766655	7	7
Hippotragus equinus	1	exon_1	1	1	0.9432989690721649	0.9432989690721649	0.9432989690721649	0.8633879781420765	0.0	0.9403315306179933	1	1
Hippotragus equinus	2	exon_2	1	1	1.0	1.0	1.0	0.8980263157894737	0.0	0.9745065789473685	1	1
Hippotragus equinus	3	exon_3	1	1	0.972520908004779	0.972520908004779	0.972520908004779	0.8894348894348895	0.0	0.9599931309608729	1	1
Hippotragus equinus	4	exon_4	1	1	0.9906103286384976	0.9906103286384976	0.9906103286384976	0.9052132701421801	0.0	0.9720779654228691	1	1
Hippotragus equinus	5	exon_5	1	1	0.9919354838709677	0.9919354838709677	0.9919354838709677	0.8861788617886179	0.0	0.96791568318909	1	1
Hippotragus equinus	6	exon_6	1	1	0.9533632286995516	0.9533632286995516	0.9533632286995516	0.8758231420507996	0.0	0.9479692384274981	1	1
Hippotragus niger	1	exon_1	1	1	0.9432989690721649	0.9432989690721649	0.9432989690721649	0.8633879781420765	0.0	0.9403315306179933	1	1
Hippotragus niger	2	exon_2	1	1	1.0	1.0	1.0	0.8914473684210527	0.0	0.9728618421052633	1	1
Hippotragus niger	3	exon_3	1	1	0.972520908004779	0.972520908004779	0.972520908004779	0.8845208845208845	0.0	0.9587646297323718	1	1
Hippotragus niger	4	exon_4	1	1	0.9953051643192489	0.9953051643192489	0.9953051643192489	0.8962264150943396	0.0	0.9719439277172469	1	1
Hippotragus niger	5	exon_5	1	1	0.9919354838709677	0.9919354838709677	0.9919354838709677	0.8943089430894309	0.0	0.9699482035142932	1	1
Hippotragus niger	6	exon_6	1	1	0.9309417040358744	0.9309417040358744	0.9309417040358744	0.8776493256262042	0.0	0.9383360982226946	1	1
Hydropotes inermis	1	exon_1	3	3	0.979381443298969	0.979381443298969	0.979381443298969	0.8473684210526315	0.0	0.952563754747694	3	3
Hydropotes inermis	2	exon_2	3	3	0.9703947368421053	0.9703947368421053	0.9703947368421053	0.9050847457627119	0.0	0.9629488180196254	3	3
Hydropotes inermis	3	exon_3	3	3	0.9354838709677419	0.9354838709677419	0.9354838709677419	0.8837803320561941	0.0	0.9419128249495324	3	3
Hydropotes inermis	4	exon_4	3	3	0.8732394366197183	0.8732394366197183	0.8732394366197183	0.8870967741935484	0.0	0.9147319400272603	3	3
Hydropotes inermis	5	exon_5	3	3	0.9919354838709677	0.9919354838709677	0.9919354838709677	0.8861788617886179	0.0	0.96791568318909	3	3
Hydropotes inermis	6	exon_6	3	3	0.9551569506726457	0.9551569506726457	0.9551569506726457	0.8741784037558685	0.0	0.9483652287416577	3	3
Kobus ellipsiprymnus	1	exon_1	1	1	0.9432989690721649	0.9432989690721649	0.9432989690721649	0.8469945355191257	0.0	0.9362331699622557	1	1
Kobus ellipsiprymnus	2	exon_2	1	1	1.0	1.0	1.0	0.875	0.0	0.96875	1	1
Kobus ellipsiprymnus	3	exon_3	1	1	0.9522102747909199	0.9522102747909199	0.9522102747909199	0.8971141781681304	0.0	0.9527731681979466	1	1
Kobus ellipsiprymnus	4	exon_4	1	1	0.8685446009389671	0.8685446009389671	0.8685446009389671	0.9135135135135135	0.0	0.9192234488009137	1	1
Kobus ellipsiprymnus	5	exon_5	1	1	0.9919354838709677	0.9919354838709677	0.9919354838709677	0.9024390243902439	0.0	0.9719807238394965	1	1
Kobus ellipsiprymnus	6	exon_6	1	1	0.967713004484305	0.967713004484305	0.967713004484305	0.8637627432808156	0.0	0.9514115378381411	1	1
Kobus leche	1	exon_1	1	1	0.9432989690721649	0.9432989690721649	0.9432989690721649	0.8469945355191257	0.0	0.9362331699622557	1	1
Kobus leche	2	exon_2	1	1	0.9967105263157895	0.9967105263157895	0.9967105263157895	0.8778877887788779	0.0	0.9679916840368248	1	1
Kobus leche	3	exon_3	1	1	0.9522102747909199	0.9522102747909199	0.9522102747909199	0.8946047678795483	0.0	0.9521458156258011	1	1
Kobus leche	4	exon_4	1	1	0.8685446009389671	0.8685446009389671	0.8685446009389671	0.9081081081081082	0.0	0.9178720974495622	1	1
Kobus leche	5	exon_5	1	1	0.9919354838709677	0.9919354838709677	0.9919354838709677	0.8943089430894309	0.0	0.9699482035142932	1	1
Kobus leche	6	exon_6	1	1	0.967713004484305	0.967713004484305	0.967713004484305	0.8637627432808156	0.0	0.9514115378381411	1	1
Litocranius walleri	1	exon_1	1	1	0.8711340206185567	0.8711340206185567	0.8711340206185567	0.8402366863905325	0.0	0.9020694808759837	1	1
Litocranius walleri	2	exon_2	1	1	1.0	1.0	1.0	0.881578947368421	0.0	0.9703947368421053	1	1
Litocranius walleri	3	exon_3	1	1	0.9796893667861409	0.9796893667861409	0.9796893667861409	0.8634146341463415	0.0	0.9567138735903489	1	1
Litocranius walleri	4	exon_4	1	1	0.9953051643192489	0.9953051643192489	0.9953051643192489	0.9056603773584906	0.0	0.9743024182832847	1	1
Litocranius walleri	5	exon_5	1	1	0.9919354838709677	0.9919354838709677	0.9919354838709677	0.8861788617886179	0.0	0.96791568318909	1	1
Litocranius walleri	6	exon_6	1	1	0.9533632286995516	0.9533632286995516	0.9533632286995516	0.8692380056444027	0.0	0.9463229543258989	1	1
Madoqua kirkii	1	exon_1	1	1	0.8711340206185567	0.8711340206185567	0.8711340206185567	0.8461538461538461	0.0	0.8702154374834787	1	1
Madoqua kirkii	2	exon_2	1	1	1.0	1.0	1.0	0.868421052631579	0.0	0.9337719298245615	1	1
Madoqua kirkii	3	exon_3	1	1	0.965352449223417	0.965352449223417	0.965352449223417	0.8626237623762376	0.0	0.9167312094112637	1	1
Madoqua kirkii	4	exon_4	1	1	0.9953051643192489	0.9953051643192489	0.9953051643192489	0.9056603773584906	0.0	0.9409690849499514	1	1
Madoqua kirkii	5	exon_5	1	1	0.0	0.0	0.0	0.0		0.21666666666666667	0	0
Madoqua kirkii	6	exon_6	1	1	0.0	0.0	0.0	0.0		0.21666666666666667	0	0
Moschus berezovskii	1	exon_1	5	5	0.9175257731958762	0.9175257731958762	0.9175257731958762	0.8707865168539326	0.0	0.9305832271516274	5	5
Moschus berezovskii	2	exon_2	5	5	1.0	1.0	1.0	0.9013157894736842	0.0	0.9753289473684211	5	5
Moschus berezovskii	3	exon_3	5	5	0.974910394265233	0.980884109916368	0.974910394265233	0.8799019607843137	0.0	0.9586851676154333	5	5
Moschus berezovskii	4	exon_4	5	5	0.8732394366197183	0.8732394366197183	0.8732394366197183	0.9139784946236559	0.0	0.9214523701347872	5	5
Moschus berezovskii	5	exon_5	5	5	0.9919354838709677	0.9919354838709677	0.9919354838709677	0.9186991869918699	0.0	0.976045764489903	5	5
Moschus berezovskii	6	exon_6	5	5	0.9757847533632287	0.9757847533632287	0.9757847533632287	0.8805147058823529	0.0	0.9592318154840412	5	5
Moschus chrysogaster	1	exon_1	1	1	0.4329896907216495	0.4329896907216495	0.4329896907216495	0.9047619047619048	0.0	0.7043691703485518	0	1
Moschus chrysogaster	2	exon_2	1	1	0.0	0.0	0.0	0.0		0.23333333333333334	0	0
Moschus chrysogaster	3	exon_3	1	1	0.36081242532855434	0.36081242532855434	0.36081242532855434	0.8708609271523179	0.0	0.6634141565192624	0	1
Moschus chrysogaster	4	exon_4	1	1	0.8732394366197183	0.8732394366197183	0.8732394366197183	0.9193548387096774	0.0	0.906129789489626	1	1
Moschus chrysogaster	5	exon_5	1	1	0.9919354838709677	0.9919354838709677	0.9919354838709677	0.9105691056910569	0.0	0.9573465774980332	1	1
Moschus chrysogaster	6	exon_6	1	1	0.7605381165919283	0.7605381165919283	0.7605381165919283	0.8691037735849056	0.0	0.8428514291959276	0	1
Moschus moschiferus	1	exon_1	2	2	0.9742268041237113	0.9742268041237113	0.9742268041237113	0.8783068783068783	0.0	0.9579787814323897	2	2
Moschus moschiferus	2	exon_2	2	2	0.6167763157894737	0.9901315789473685	0.6167763157894737	0.9061910747957259	0.0	0.8040971108041948	1	1
Moschus moschiferus	3	exon_3	2	2	0.980884109916368	0.980884109916368	0.980884109916368	0.8891595615103532	0.0	0.9636877398399539	2	2
Moschus moschiferus	4	exon_4	2	2	0.9953051643192489	0.9953051643192489	0.9953051643192489	0.9150943396226415	0.0	0.9766609088493224	2	2
Moschus moschiferus	5	exon_5	2	2	0.9919354838709677	0.9919354838709677	0.9919354838709677	0.926829268292683	0.0	0.9780782848151063	2	2
Moschus moschiferus	6	exon_6	2	2	0.9757847533632287	0.9757847533632287	0.9757847533632287	0.8782169117647058	0.0	0.9586573669546294	2	2
Muntiacus crinifrons	1	exon_1	3	3	0.9690721649484536	0.9690721649484536	0.9690721649484536	0.8829787234042553	0.0	0.956827155077868	3	3
Muntiacus crinifrons	2	exon_2	3	3	0.9736842105263158	0.9736842105263158	0.9736842105263158	0.8817567567567568	0.0	0.9585970839260314	3	3
Muntiacus crinifrons	3	exon_3	3	3	0.980884109916368	0.980884109916368	0.980884109916368	0.876979293544458	0.0	0.9606426728484802	3	3
Muntiacus crinifrons	4	exon_4	3	3	0.8732394366197183	0.8732394366197183	0.8732394366197183	0.8870967741935484	0.0	0.9147319400272603	3	3
Muntiacus crinifrons	5	exon_5	3	3	0.9919354838709677	0.9919354838709677	0.9919354838709677	0.8861788617886179	0.0	0.96791568318909	3	3
Muntiacus crinifrons	6	exon_6	3	3	0.9497757847533632	0.9551569506726457	0.9497757847533632	0.8772426817752597	0.0	0.9467097735828285	3	3
Muntiacus feae	1	exon_1	1	1	0.9690721649484536	0.9690721649484536	0.9690721649484536	0.8829787234042553	0.0	0.956827155077868	1	1
Muntiacus feae	2	exon_2	1	1	0.9671052631578947	0.9671052631578947	0.9671052631578947	0.8809523809523809	0.0	0.9554354636591479	1	1
Muntiacus feae	3	exon_3	1	1	0.980884109916368	0.980884109916368	0.980884109916368	0.876979293544458	0.0	0.9606426728484802	1	1
Muntiacus feae	4	exon_4	1	1	0.8732394366197183	0.8732394366197183	0.8732394366197183	0.8870967741935484	0.0	0.9147319400272603	1	1
Muntiacus feae	5	exon_5	1	1	0.9919354838709677	0.9919354838709677	0.9919354838709677	0.8943089430894309	0.0	0.9699482035142932	1	1
Muntiacus feae	6	exon_6	1	1	0.9551569506726457	0.9551569506726457	0.9551569506726457	0.8657276995305164	0.0	0.9462525526853197	1	1
Muntiacus gongshanensis	1	exon_1	1	1	0.9690721649484536	0.9690721649484536	0.9690721649484536	0.8723404255319149	0.0	0.9541675806097829	1	1
Muntiacus gongshanensis	2	exon_2	1	1	0.9736842105263158	0.9736842105263158	0.9736842105263158	0.8783783783783784	0.0	0.9577524893314368	1	1
Muntiacus gongshanensis	3	exon_3	1	1	0.980884109916368	0.980884109916368	0.980884109916368	0.8781973203410475	0.0	0.9609471795476275	1	1
Muntiacus gongshanensis	4	exon_4	1	1	0.8732394366197183	0.8732394366197183	0.8732394366197183	0.8817204301075269	0.0	0.913387854005755	1	1
Muntiacus gongshanensis	5	exon_5	1	1	0.9919354838709677	0.9919354838709677	0.9919354838709677	0.8943089430894309	0.0	0.9699482035142932	1	1
Muntiacus gongshanensis	6	exon_6	1	1	0.9551569506726457	0.9551569506726457	0.9551569506726457	0.8666666666666667	0.0	0.9464872944693573	1	1
Muntiacus muntjak	1	exon_1	3	3	0.9690721649484536	0.9690721649484536	0.9690721649484536	0.8829787234042553	0.0	0.9401604884112014	3	3
Muntiacus muntjak	2	exon_2	3	3	0.0	0.9736842105263158	0.0	0.0	0.0	0.23333333333333334	1	1
Muntiacus muntjak	3	exon_3	3	3	0.9689366786140979	0.9689366786140979	0.9689366786140979	0.8766954377311961	0.0	0.9385286981424765	3	3
Muntiacus muntjak	4	exon_4	3	3	0.8685446009389671	0.8685446009389671	0.8685446009389671	0.8810810810810811	0.0	0.8944486740261389	3	3
Muntiacus muntjak	5	exon_5	3	3	0.9919354838709677	0.9919354838709677	0.9919354838709677	0.8861788617886179	0.0	0.9512490165224234	3	3
Muntiacus muntjak	6	exon_6	3	3	0.9515695067264573	0.9551569506726457	0.9515695067264573	0.8708765315739868	0.0	0.9292587442537359	3	3
Muntiacus reevesi	1	exon_1	7	7	0.9639175257731959	0.9690721649484536	0.9639175257731959	0.8776595744680851	0.0	0.9543511218920558	6	6
Muntiacus reevesi	2	exon_2	7	7	0.9736842105263158	0.9736842105263158	0.9736842105263158	0.8986486486486487	0.0	0.9628200568990044	6	6
Muntiacus reevesi	3	exon_3	7	7	0.980884109916368	0.980884109916368	0.980884109916368	0.8806333739342266	0.0	0.9615561929459223	6	6
Muntiacus reevesi	4	exon_4	7	7	0.8732394366197183	0.8732394366197183	0.8732394366197183	0.8870967741935484	0.0	0.9147319400272603	6	6
Muntiacus reevesi	5	exon_5	7	7	0.9919354838709677	0.9919354838709677	0.9919354838709677	0.8861788617886179	0.0	0.96791568318909	6	6
Muntiacus reevesi	6	exon_6	7	7	0.9551569506726457	0.9551569506726457	0.9551569506726457	0.8657276995305164	0.0	0.9462525526853197	6	6
Muntiacus vaginalis	1	exon_1	1	1	0.9690721649484536	0.9690721649484536	0.9690721649484536	0.8829787234042553	0.0	0.956827155077868	1	1
Muntiacus vaginalis	2	exon_2	1	1	0.9736842105263158	0.9736842105263158	0.9736842105263158	0.8851351351351351	0.0	0.9594416785206259	1	1
Muntiacus vaginalis	3	exon_3	1	1	0.9689366786140979	0.9689366786140979	0.9689366786140979	0.872996300863132	0.0	0.9542705805921271	1	1
Muntiacus vaginalis	4	exon_4	1	1	0.8732394366197183	0.8732394366197183	0.8732394366197183	0.8763440860215054	0.0	0.9120437679842496	1	1
Muntiacus vaginalis	5	exon_5	1	1	0.9919354838709677	0.9919354838709677	0.9919354838709677	0.8943089430894309	0.0	0.9699482035142932	1	1
Muntiacus vaginalis	6	exon_6	1	1	0.9551569506726457	0.9551569506726457	0.9551569506726457	0.8704225352112676	0.0	0.9474262616055076	1	1
Nanger dama	1	exon_1	2	2	0.0	0.0	0.0	0.0		0.23333333333333334	0	0
Nanger dama	2	exon_2	2	2	0.9967105263157895	0.9967105263157895	0.9967105263157895	0.863036303630363	0.0	0.9476121460830296	2	2
Nanger dama	3	exon_3	2	2	0.974910394265233	0.974910394265233	0.974910394265233	0.860906862745098	0.0	0.9372697264389628	2	2
Nanger dama	4	exon_4	2	2	0.9953051643192489	0.9953051643192489	0.9953051643192489	0.8867924528301887	0.0	0.9529187704845425	2	2
Nanger dama	5	exon_5	2	2	0.9919354838709677	0.9919354838709677	0.9919354838709677	0.8699186991869918	0.0	0.9471839758720169	2	2
Nanger dama	6	exon_6	2	2	0.9681614349775785	0.968609865470852	0.9681614349775785	0.8666053101294064	0.0	0.9356573066055953	2	2
Nanger granti	1	exon_1	1	1	0.0	0.0	0.0	0.0		0.21666666666666667	0	0
Nanger granti	2	exon_2	1	1	0.9967105263157895	0.9967105263157895	0.9967105263157895	0.8547854785478548	0.0	0.9288827731457358	1	1
Nanger granti	3	exon_3	1	1	0.974910394265233	0.974910394265233	0.974910394265233	0.8602941176470589	0.0	0.9204498734977863	1	1
Nanger granti	4	exon_4	1	1	0.9953051643192489	0.9953051643192489	0.9953051643192489	0.8867924528301887	0.0	0.9362521038178758	1	1
Nanger granti	5	exon_5	1	1	0.0	0.0	0.0	0.0		0.21666666666666667	0	0
Nanger granti	6	exon_6	1	1	0.968609865470852	0.968609865470852	0.968609865470852	0.8657407407407407	0.0	0.9189762913137353	1	1
Neotragus moschatus	1	exon_1	1	1	0.8711340206185567	0.8711340206185567	0.8711340206185567	0.8698224852071006	0.0	0.9094659305801257	1	1
Neotragus moschatus	2	exon_2	1	1	1.0	1.0	1.0	0.8881578947368421	0.0	0.9720394736842106	1	1
Neotragus moschatus	3	exon_3	1	1	0.97610513739546	0.97610513739546	0.97610513739546	0.8641370869033048	0.0	0.9552815835537832	1	1
Neotragus moschatus	4	exon_4	1	1	0.9953051643192489	0.9953051643192489	0.9953051643192489	0.8915094339622641	0.0	0.9707646824342281	1	1
Neotragus moschatus	5	exon_5	1	1	0.9919354838709677	0.9919354838709677	0.9919354838709677	0.8943089430894309	0.0	0.9699482035142932	1	1
Neotragus moschatus	6	exon_6	1	1	0.95695067264574	0.95695067264574	0.95695067264574	0.8650421743205249	0.0	0.9468883462707143	1	1
Neotragus pygmaeus	1	exon_1	1	1	0.0	0.0	0.0	0.0		0.23333333333333334	0	0
Neotragus pygmaeus	2	exon_2	1	1	1.0	1.0	1.0	0.8947368421052632	0.0	0.9570175438596492	1	1
Neotragus pygmaeus	3	exon_3	1	1	0.973715651135006	0.973715651135006	0.973715651135006	0.8687116564417178	0.0	0.9386832904545156	1	1
Neotragus pygmaeus	4	exon_4	1	1	0.9953051643192489	0.9953051643192489	0.9953051643192489	0.8962264150943396	0.0	0.9552772610505803	1	1
Neotragus pygmaeus	5	exon_5	1	1	0.9919354838709677	0.9919354838709677	0.9919354838709677	0.8943089430894309	0.0	0.9532815368476266	1	1
Neotragus pygmaeus	6	exon_6	1	1	0.9650224215246637	0.9650224215246637	0.9650224215246637	0.8680297397769516	0.0	0.93460085796367	1	1
Nilgiritragus hylocrius	1	exon_1	1	1	0.9432989690721649	0.9432989690721649	0.9432989690721649	0.8469945355191257	0.0	0.9362331699622557	1	1
Nilgiritragus hylocrius	2	exon_2	1	1	1.0	1.0	1.0	0.8914473684210527	0.0	0.9728618421052633	1	1
Nilgiritragus hylocrius	3	exon_3	1	1	0.96415770609319	0.96415770609319	0.96415770609319	0.8798017348203222	0.0	0.9538214014470161	1	1
Nilgiritragus hylocrius	4	exon_4	1	1	0.6244131455399061	0.6244131455399061	0.6244131455399061	0.8947368421052632	0.0	0.8046701260192736	0	1
Nilgiritragus hylocrius	5	exon_5	1	1	0.9919354838709677	0.9919354838709677	0.9919354838709677	0.9024390243902439	0.0	0.9719807238394965	1	1
Nilgiritragus hylocrius	6	exon_6	1	1	0.9524663677130045	0.9524663677130045	0.9524663677130045	0.8681732580037664	0.0	0.9456531799717938	1	1
Odocoileus hemionus	1	exon_1	5	5	0.979381443298969	0.979381443298969	0.979381443298969	0.8736842105263158	0.0	0.9591427021161151	4	4
Odocoileus hemionus	2	exon_2	5	5	0.9736842105263158	0.9736842105263158	0.9736842105263158	0.918918918918919	0.0	0.9670430298719773	4	4
Odocoileus hemionus	3	exon_3	5	5	0.980884109916368	0.980884109916368	0.980884109916368	0.8830694275274056	0.0	0.962165206344217	4	4
Odocoileus hemionus	4	exon_4	5	5	0.8732394366197183	0.8732394366197183	0.8732394366197183	0.8797814207650273	0.0	0.9120437679842496	4	4
Odocoileus hemionus	5	exon_5	5	5	0.9919354838709677	0.9919354838709677	0.9919354838709677	0.8861788617886179	0.0	0.96791568318909	3	3
Odocoileus hemionus	6	exon_6	5	5	0.9479820627802691	0.9479820627802691	0.947085201793722	0.8732261116367077	0.0	0.944898456160298	3	3
Odocoileus virginianus	1	exon_1	5	5	0.979381443298969	0.979381443298969	0.979381443298969	0.8736842105263158	0.0	0.9591427021161151	5	5
Odocoileus virginianus	2	exon_2	5	5	0.9736842105263158	0.9736842105263158	0.9736842105263158	0.9121621621621622	0.0	0.9661984352773827	5	5
Odocoileus virginianus	3	exon_3	5	5	0.980884109916368	0.980884109916368	0.980884109916368	0.8867235079171741	0.0	0.9630787264416591	5	5
Odocoileus virginianus	4	exon_4	5	5	0.8732394366197183	0.8732394366197183	0.8732394366197183	0.8817204301075269	0.0	0.913387854005755	5	5
Odocoileus virginianus	5	exon_5	5	5	0.9919354838709677	0.9919354838709677	0.9919354838709677	0.8861788617886179	0.0	0.96791568318909	5	5
Odocoileus virginianus	6	exon_6	5	5	0.9479820627802691	0.9479820627802691	0.9479820627802691	0.8732261116367077	0.0	0.944898456160298	5	5
Okapia johnstoni	1	exon_1	3	3	0.9742268041237113	0.9742268041237113	0.9742268041237113	0.8677248677248677	0.0	0.9553332787868871	3	3
Okapia johnstoni	2	exon_2	3	3	0.9967105263157895	0.9967105263157895	0.9967105263157895	0.9075907590759076	0.0	0.9754174266110822	3	3
Okapia johnstoni	3	exon_3	3	3	0.97610513739546	0.97610513739546	0.97610513739546	0.8837209302325582	0.0	0.9601775443860966	3	3
Okapia johnstoni	4	exon_4	3	3	0.9953051643192489	0.9953051643192489	0.9953051643192489	0.8915094339622641	0.0	0.9707646824342281	3	3
Okapia johnstoni	5	exon_5	3	3	0.9919354838709677	0.9919354838709677	0.9919354838709677	0.8943089430894309	0.0	0.9699482035142932	3	3
Okapia johnstoni	6	exon_6	3	3	0.9937219730941704	0.9937219730941704	0.9937219730941704	0.8835740072202166	0.0	0.9680683896974309	3	3
Oreamnos americanus	1	exon_1	1	1	0.9432989690721649	0.9432989690721649	0.9432989690721649	0.8469945355191257	0.0	0.9362331699622557	1	1
Oreamnos americanus	2	exon_2	1	1	1.0	1.0	1.0	0.8881578947368421	0.0	0.9720394736842106	1	1
Oreamnos americanus	3	exon_3	1	1	0.9629629629629629	0.9629629629629629	0.9629629629629629	0.8709677419354839	0.0	0.9510752688172043	1	1
Oreamnos americanus	4	exon_4	1	1	0.9953051643192489	0.9953051643192489	0.9953051643192489	0.8867924528301887	0.0	0.9695854371512092	1	1
Oreamnos americanus	5	exon_5	1	1	0.9919354838709677	0.9919354838709677	0.9919354838709677	0.9024390243902439	0.0	0.9719807238394965	1	1
Oreamnos americanus	6	exon_6	1	1	0.9497757847533632	0.9497757847533632	0.9497757847533632	0.8659112370160529	0.0	0.9438769123930267	1	1
Oreotragus oreotragus	1	exon_1	1	1	0.0	0.0	0.0	0.0		0.21666666666666667	0	0
Oreotragus oreotragus	2	exon_2	1	1	0.0	0.0	0.0	0.0		0.21666666666666667	0	0
Oreotragus oreotragus	3	exon_3	1	1	0.977299880525687	0.977299880525687	0.977299880525687	0.8777506112469438	0.0	0.9258892657149618	1	1
Oreotragus oreotragus	4	exon_4	1	1	0.9953051643192489	0.9953051643192489	0.9953051643192489	0.8820754716981132	0.0	0.935072858534857	1	1
Oreotragus oreotragus	5	exon_5	1	1	0.9919354838709677	0.9919354838709677	0.9919354838709677	0.8943089430894309	0.0	0.9366148701809599	1	1
Oreotragus oreotragus	6	exon_6	1	1	0.9650224215246637	0.9650224215246637	0.9650224215246637	0.8801115241635687	0.0	0.9209546373936576	1	1
Oryx dammah	1	exon_1	2	2	0.9432989690721649	0.9432989690721649	0.9432989690721649	0.8688524590163934	0.0	0.9416976508365726	2	2
Oryx dammah	2	exon_2	2	2	1.0	1.0	1.0	0.8980263157894737	0.0	0.9745065789473685	2	2
Oryx dammah	3	exon_3	2	2	0.970131421744325	0.970131421744325	0.970131421744325	0.8879310344827587	0.0	0.958541898405636	2	2
Oryx dammah	4	exon_4	2	2	0.8732394366197183	0.8732394366197183	0.8732394366197183	0.9032258064516129	0.0	0.9187641980917765	2	2
Oryx dammah	5	exon_5	2	2	0.9919354838709677	0.9919354838709677	0.9919354838709677	0.8861788617886179	0.0	0.96791568318909	2	2
Oryx dammah	6	exon_6	2	2	0.9533632286995516	0.9533632286995516	0.9533632286995516	0.8701787394167451	0.0	0.9465581377689845	2	2
Oryx gazella	1	exon_1	2	2	0.9381443298969072	0.9381443298969072	0.9381443298969072	0.8626373626373627	0.0	0.9378242891129489	2	2
Oryx gazella	2	exon_2	2	2	1.0	1.0	1.0	0.8947368421052632	0.0	0.9736842105263158	2	2
Oryx gazella	3	exon_3	2	2	0.970131421744325	0.970131421744325	0.970131421744325	0.8866995073891626	0.0	0.958234016632237	2	2
Oryx gazella	4	exon_4	2	2	0.9953051643192489	0.9953051643192489	0.9953051643192489	0.9009433962264151	0.0	0.9731231730002659	2	2
Oryx gazella	5	exon_5	2	2	0.9919354838709677	0.9919354838709677	0.9919354838709677	0.8943089430894309	0.0	0.9699482035142932	2	2
Oryx gazella	6	exon_6	2	2	0.9524663677130045	0.9524663677130045	0.9524663677130045	0.8700564971751412	0.0	0.9461239897646374	2	2
Ourebia ourebi	1	exon_1	1	1	0.0	0.0	0.0	0.0		0.09166666666666666	0	0
Ourebia ourebi	2	exon_2	1	1	0.0	0.0	0.0	0.0		0.09166666666666666	0	0
Ourebia ourebi	3	exon_3	1	1	0.0	0.0	0.0	0.0		0.09166666666666666	0	0
Ourebia ourebi	4	exon_4	1	1	0.0	0.0	0.0	0.0		0.09166666666666666	0	0
Ourebia ourebi	5	exon_5	1	1	0.0	0.0	0.0	0.0		0.09166666666666666	0	0
Ourebia ourebi	6	exon_6	1	1	0.968609865470852	0.968609865470852	0.968609865470852	0.8731481481481481	0.0	0.7958281431655871	0	1
Ovibos moschatus	1	exon_1	3	3	0.9432989690721649	0.9432989690721649	0.9432989690721649	0.8524590163934426	0.0	0.9375992901808349	3	3
Ovibos moschatus	2	exon_2	3	3	1.0	1.0	1.0	0.8947368421052632	0.0	0.9736842105263158	3	3
Ovibos moschatus	3	exon_3	3	3	0.972520908004779	0.973715651135006	0.972520908004779	0.8832923832923832	0.0	0.9584575044252464	3	3
Ovibos moschatus	4	exon_4	3	3	0.9953051643192489	0.9953051643192489	0.9953051643192489	0.8773584905660378	0.0	0.9672269465851715	3	3
Ovibos moschatus	5	exon_5	3	3	0.9919354838709677	0.9919354838709677	0.9919354838709677	0.8699186991869918	0.0	0.9638506425386835	3	3
Ovibos moschatus	6	exon_6	3	3	0.9533632286995516	0.9533632286995516	0.9533632286995516	0.8654750705550329	0.0	0.9453822205535565	3	3
Ovis ammon	1	exon_1	4	4	0.9432989690721649	0.9432989690721649	0.9432989690721649	0.8469945355191257	0.0	0.9362331699622557	3	3
Ovis ammon	2	exon_2	4	4	1.0	1.0	1.0	0.8947368421052632	0.0	0.9736842105263158	3	3
Ovis ammon	3	exon_3	4	4	0.9713261648745519	0.9713261648745519	0.9713261648745519	0.8880688806888068	0.0	0.9591139943657501	3	3
Ovis ammon	4	exon_4	4	4	0.8732394366197183	0.8732394366197183	0.8732394366197183	0.8978494623655914	0.0	0.9174201120702711	3	3
Ovis ammon	5	exon_5	4	4	0.9919354838709677	0.9919354838709677	0.9919354838709677	0.9024390243902439	0.0	0.9719807238394965	3	3
Ovis ammon	6	exon_6	4	4	0.9524663677130045	0.9524663677130045	0.9524663677130045	0.8714689265536724	0.0	0.9464770971092702	3	3
Ovis ammon polii x Ovis aries	1	exon_1	2	2	0.9432989690721649	0.9432989690721649	0.9432989690721649	0.8524590163934426	0.0	0.9375992901808349	2	2
Ovis ammon polii x Ovis aries	2	exon_2	2	2	1.0	1.0	1.0	0.8947368421052632	0.0	0.9736842105263158	2	2
Ovis ammon polii x Ovis aries	3	exon_3	2	2	0.9713261648745519	0.9713261648745519	0.9713261648745519	0.8880688806888068	0.0	0.9591139943657501	2	2
Ovis ammon polii x Ovis aries	4	exon_4	2	2	0.8732394366197183	0.8732394366197183	0.8732394366197183	0.8978494623655914	0.0	0.9174201120702711	2	2
Ovis ammon polii x Ovis aries	5	exon_5	2	2	0.9919354838709677	0.9919354838709677	0.9919354838709677	0.8943089430894309	0.0	0.9699482035142932	2	2
Ovis ammon polii x Ovis aries	6	exon_6	2	2	0.9524663677130045	0.9524663677130045	0.9524663677130045	0.871939736346516	0.0	0.946594799557481	2	2
Ovis aries	1	exon_1	95	95	0.9432989690721649	0.9432989690721649	0.9432989690721649	0.8524590163934426	0.0	0.9375992901808349	94	94
Ovis aries	2	exon_2	95	95	1.0	1.0	1.0	0.8947368421052632	0.0	0.9736842105263158	93	94
Ovis aries	3	exon_3	95	95	0.9713261648745519	0.972520908004779	0.9713261648745519	0.8868388683886839	0.0	0.9588064912907194	94	94
Ovis aries	4	exon_4	95	95	0.8732394366197183	0.8732394366197183	0.8732394366197183	0.8978494623655914	0.0	0.9174201120702711	93	93
Ovis aries	5	exon_5	95	95	0.9919354838709677	0.9919354838709677	0.9919354838709677	0.9016393442622951	0.0	0.9699482035142932	94	95
Ovis aries	6	exon_6	95	95	0.9524663677130045	0.9524663677130045	0.9524663677130045	0.8709981167608286	0.0	0.9463593946610592	95	95
Ovis canadensis	1	exon_1	4	4	0.9432989690721649	0.9432989690721649	0.9432989690721649	0.8524590163934426	0.0	0.9375992901808349	4	4
Ovis canadensis	2	exon_2	4	4	0.993421052631579	0.993421052631579	0.993421052631579	0.8923841059602649	0.0	0.9701355001742769	4	4
Ovis canadensis	3	exon_3	4	4	0.959378733572282	0.9605734767025089	0.959378733572282	0.8854296388542964	0.0	0.9530778398211011	4	4
Ovis canadensis	4	exon_4	4	4	0.8732394366197183	0.8732394366197183	0.8732394366197183	0.8924731182795699	0.0	0.9160760260487657	4	4
Ovis canadensis	5	exon_5	4	4	0.9919354838709677	0.9919354838709677	0.9919354838709677	0.9024390243902439	0.0	0.9719807238394965	4	4
Ovis canadensis	6	exon_6	4	4	0.9515695067264573	0.9533632286995516	0.9515695067264573	0.8726925599280397	0.0	0.9463966644548041	4	4
Ovis nivicola	1	exon_1	1	1	0.9432989690721649	0.9432989690721649	0.9432989690721649	0.8524590163934426	0.0	0.9375992901808349	1	1
Ovis nivicola	2	exon_2	1	1	0.993421052631579	0.993421052631579	0.993421052631579	0.8940397350993378	0.0	0.970549407459045	1	1
Ovis nivicola	3	exon_3	1	1	0.959378733572282	0.959378733572282	0.959378733572282	0.8854296388542964	0.0	0.9530778398211011	1	1
Ovis nivicola	4	exon_4	1	1	0.8732394366197183	0.8732394366197183	0.8732394366197183	0.8978494623655914	0.0	0.9174201120702711	1	1
Ovis nivicola	5	exon_5	1	1	0.9919354838709677	0.9919354838709677	0.9919354838709677	0.9024390243902439	0.0	0.9719807238394965	1	1
Ovis nivicola	6	exon_6	1	1	0.9515695067264573	0.9515695067264573	0.9515695067264573	0.8727615457115928	0.0	0.9463966644548041	1	1
Ovis orientalis	1	exon_1	1	1	0.9432989690721649	0.9432989690721649	0.9432989690721649	0.8524590163934426	0.0	0.9375992901808349	1	1
Ovis orientalis	2	exon_2	1	1	0.993421052631579	0.993421052631579	0.993421052631579	0.890728476821192	0.0	0.9697215928895087	1	1
Ovis orientalis	3	exon_3	1	1	0.959378733572282	0.959378733572282	0.959378733572282	0.887920298879203	0.0	0.9537005048273277	1	1
Ovis orientalis	4	exon_4	1	1	0.8732394366197183	0.8732394366197183	0.8732394366197183	0.8978494623655914	0.0	0.9174201120702711	1	1
Ovis orientalis	5	exon_5	1	1	0.9919354838709677	0.9919354838709677	0.9919354838709677	0.9024390243902439	0.0	0.9719807238394965	1	1
Ovis orientalis	6	exon_6	1	1	0.9524663677130045	0.9524663677130045	0.9524663677130045	0.8700564971751412	0.0	0.9461239897646374	1	1
Ovis vignei	1	exon_1	2	2	0.9432989690721649	0.9432989690721649	0.9432989690721649	0.8524590163934426	0.0	0.9375992901808349	2	2
Ovis vignei	2	exon_2	2	2	1.0	1.0	1.0	0.8947368421052632	0.0	0.9736842105263158	2	2
Ovis vignei	3	exon_3	2	2	0.9653524492234169	0.9713261648745519	0.9653524492234169	0.8867492597715516	0.0	0.9560959170934256	2	2
Ovis vignei	4	exon_4	2	2	0.8732394366197183	0.8732394366197183	0.8732394366197183	0.8951612903225806	0.0	0.9167480690595184	2	2
Ovis vignei	5	exon_5	2	2	0.9919354838709677	0.9919354838709677	0.9919354838709677	0.8943089430894309	0.0	0.9699482035142932	2	2
Ovis vignei	6	exon_6	2	2	0.9524663677130045	0.9524663677130045	0.9524663677130045	0.8709981167608286	0.0	0.9463593946610592	2	2
Pantholops hodgsonii	1	exon_1	3	3	0.9432989690721649	0.9432989690721649	0.9432989690721649	0.8579234972677595	0.0	0.9389654103994142	3	3
Pantholops hodgsonii	2	exon_2	3	3	1.0	1.0	1.0	0.8914473684210527	0.0	0.9728618421052633	3	3
Pantholops hodgsonii	3	exon_3	3	3	0.973715651135006	0.973715651135006	0.973715651135006	0.8846625766871166	0.0	0.9593376871825319	3	3
Pantholops hodgsonii	4	exon_4	3	3	0.863849765258216	0.863849765258216	0.863849765258216	0.8804347826086957	0.0	0.9088410900183712	3	3
Pantholops hodgsonii	5	exon_5	3	3	0.9919354838709677	0.9919354838709677	0.9919354838709677	0.9105691056910569	0.0	0.9740132441646998	3	3
Pantholops hodgsonii	6	exon_6	3	3	0.9533632286995516	0.9533632286995516	0.9533632286995516	0.8720602069614299	0.0	0.9470285046551558	3	3
Philantomba maxwellii	1	exon_1	1	1	0.9072164948453608	0.9072164948453608	0.9072164948453608	0.8693181818181818	0.0	0.9255769681349578	1	1
Philantomba maxwellii	2	exon_2	1	1	1.0	1.0	1.0	0.9078947368421053	0.0	0.9769736842105263	1	1
Philantomba maxwellii	3	exon_3	1	1	0.966547192353644	0.966547192353644	0.966547192353644	0.8813349814585909	0.0	0.9552799819237876	1	1
Philantomba maxwellii	4	exon_4	1	1	0.9953051643192489	0.9953051643192489	0.9953051643192489	0.9009433962264151	0.0	0.9731231730002659	1	1
Philantomba maxwellii	5	exon_5	1	1	0.532258064516129	0.532258064516129	0.532258064516129	0.8939393939393939	0.0	0.7630009775171066	0	1
Philantomba maxwellii	6	exon_6	1	1	0.967713004484305	0.967713004484305	0.967713004484305	0.8748841519925857	0.0	0.9541918900160837	1	1
Procapra przewalskii	1	exon_1	1	1	0.8711340206185567	0.8711340206185567	0.8711340206185567	0.8520710059171598	0.0	0.9050280607576405	1	1
Procapra przewalskii	2	exon_2	1	1	1.0	1.0	1.0	0.875	0.0	0.96875	1	1
Procapra przewalskii	3	exon_3	1	1	0.974910394265233	0.974910394265233	0.974910394265233	0.8688725490196079	0.0	0.9559278146742569	1	1
Procapra przewalskii	4	exon_4	1	1	0.863849765258216	0.863849765258216	0.863849765258216	0.8967391304347826	0.0	0.9129171769748929	1	1
Procapra przewalskii	5	exon_5	1	1	0.9919354838709677	0.9919354838709677	0.9919354838709677	0.8699186991869918	0.0	0.9638506425386835	1	1
Procapra przewalskii	6	exon_6	1	1	0.9560538116591928	0.9560538116591928	0.9560538116591928	0.875234521575985	0.0	0.9490328456406331	1	1
Pseudois nayaur	1	exon_1	1	1	0.8917525773195877	0.8917525773195877	0.8917525773195877	0.8497109826589595	0.0	0.9137164054585544	1	1
Pseudois nayaur	2	exon_2	1	1	1.0	1.0	1.0	0.9013157894736842	0.0	0.9753289473684211	1	1
Pseudois nayaur	3	exon_3	1	1	0.9629629629629629	0.9629629629629629	0.9629629629629629	0.8808933002481389	0.0	0.9535566583953681	1	1
Pseudois nayaur	4	exon_4	1	1	0.9953051643192489	0.9953051643192489	0.9953051643192489	0.8915094339622641	0.0	0.9707646824342281	1	1
Pseudois nayaur	5	exon_5	1	1	0.9919354838709677	0.9919354838709677	0.9919354838709677	0.8943089430894309	0.0	0.9699482035142932	1	1
Pseudois nayaur	6	exon_6	1	1	0.9524663677130045	0.9524663677130045	0.9524663677130045	0.8653483992467044	0.0	0.9449469652825282	1	1
Pseudoryx nghetinhensis	1	exon_1	1	1	0.0	0.0	0.0	0.0		0.21666666666666667	0	0
Pseudoryx nghetinhensis	2	exon_2	1	1	0.0	0.0	0.0	0.0		0.21666666666666667	0	0
Pseudoryx nghetinhensis	3	exon_3	1	1	0.9474313022700119	0.9474313022700119	0.9474313022700119	0.8726355611601513	0.0	0.9111696429782099	1	1
Pseudoryx nghetinhensis	4	exon_4	1	1	0.9953051643192489	0.9953051643192489	0.9953051643192489	0.8962264150943396	0.0	0.9386105943839136	1	1
Pseudoryx nghetinhensis	5	exon_5	1	1	0.9919354838709677	0.9919354838709677	0.9919354838709677	0.9024390243902439	0.0	0.9386473905061632	1	1
Pseudoryx nghetinhensis	6	exon_6	1	1	0.9668161434977578	0.9668161434977578	0.9668161434977578	0.8738404452690167	0.0	0.9201940425579119	1	1
Rangifer tarandus	1	exon_1	9	9	0.979381443298969	0.9896907216494846	0.979381443298969	0.859375	0.0	0.9565111231687466	8	8
Rangifer tarandus	2	exon_2	9	9	0.9703947368421053	0.9703947368421053	0.9703947368421053	0.9090909090909091	0.0	0.9637962756467441	8	8
Rangifer tarandus	3	exon_3	9	9	0.978494623655914	0.978494623655914	0.978494623655914	0.8864468864468864	0.0	0.9619343022568829	9	9
Rangifer tarandus	4	exon_4	9	9	0.8732394366197183	0.8732394366197183	0.8732394366197183	0.8978494623655914	0.0	0.9174201120702711	9	9
Rangifer tarandus	5	exon_5	9	9	0.9919354838709677	0.9919354838709677	0.9919354838709677	0.8943089430894309	0.0	0.9699482035142932	9	9
Rangifer tarandus	6	exon_6	9	9	0.9479820627802691	0.9479820627802691	0.9479820627802691	0.8722800378429517	0.0	0.94442541926342	9	9
Raphicerus campestris	1	exon_1	1	1	0.8711340206185567	0.8711340206185567	0.8711340206185567	0.863905325443787	0.0	0.874653307305964	1	1
Raphicerus campestris	2	exon_2	1	1	0.9967105263157895	0.9967105263157895	0.9967105263157895	0.8712871287128713	0.0	0.9330081856869898	1	1
Raphicerus campestris	3	exon_3	1	1	0.9796893667861409	0.9796893667861409	0.9796893667861409	0.8658536585365854	0.0	0.9239902963545765	1	1
Raphicerus campestris	4	exon_4	1	1	0.8732394366197183	0.8732394366197183	0.8732394366197183	0.8924731182795699	0.0	0.8827426927154324	1	1
Raphicerus campestris	5	exon_5	1	1	0.0	0.0	0.0	0.0		0.21666666666666667	0	0
Raphicerus campestris	6	exon_6	1	1	0.0	0.0	0.0	0.0		0.21666666666666667	0	0
Redunca redunca	1	exon_1	1	1	0.9432989690721649	0.9432989690721649	0.9432989690721649	0.8415300546448088	0.0	0.9348670497436764	1	1
Redunca redunca	2	exon_2	1	1	1.0	1.0	1.0	0.8848684210526315	0.0	0.971217105263158	1	1
Redunca redunca	3	exon_3	1	1	0.9605734767025089	0.9605734767025089	0.9605734767025089	0.8917910447761194	0.0	0.9552058257101589	1	1
Redunca redunca	4	exon_4	1	1	0.8732394366197183	0.8732394366197183	0.8732394366197183	0.9139784946236559	0.0	0.9214523701347872	1	1
Redunca redunca	5	exon_5	1	1	0.9919354838709677	0.9919354838709677	0.9919354838709677	0.9024390243902439	0.0	0.9719807238394965	1	1
Redunca redunca	6	exon_6	1	1	0.9632286995515695	0.9632286995515695	0.9632286995515695	0.8677839851024208	0.0	0.9503989110738116	1	1
Rucervus eldii	1	exon_1	4	4	0.9690721649484536	0.9690721649484536	0.9690721649484536	0.8829787234042553	0.0	0.9401604884112014	4	4
Rucervus eldii	2	exon_2	4	4	0.9703947368421053	0.9703947368421053	0.9703947368421053	0.9016949152542373	0.0	0.9454346937258402	4	4
Rucervus eldii	3	exon_3	4	4	0.978494623655914	0.9796893667861409	0.978494623655914	0.8840047110740057	0.0	0.9446570917469961	4	4
Rucervus eldii	4	exon_4	4	4	0.0	0.0	0.0	0.0		0.23333333333333334	0	0
Rucervus eldii	5	exon_5	4	4	0.9919354838709677	0.9919354838709677	0.9919354838709677	0.8861788617886179	0.0	0.9512490165224234	4	4
Rucervus eldii	6	exon_6	4	4	0.9551569506726457	0.9551569506726457	0.9551569506726457	0.8746478873239436	0.0	0.9318159329670099	4	4
Rupicapra rupicapra	1	exon_1	1	1	0.9432989690721649	0.9432989690721649	0.9432989690721649	0.8469945355191257	0.0	0.9195665032955891	1	1
Rupicapra rupicapra	2	exon_2	1	1	0.9769736842105263	0.9769736842105263	0.9769736842105263	0.8956228956228957	0.0	0.9468772151337942	1	1
Rupicapra rupicapra	3	exon_3	1	1	0.96415770609319	0.96415770609319	0.96415770609319	0.8847583643122676	0.0	0.9383938921533359	1	1
Rupicapra rupicapra	4	exon_4	1	1	0.0	0.0	0.0	0.0		0.23333333333333334	0	0
Rupicapra rupicapra	5	exon_5	1	1	0.9919354838709677	0.9919354838709677	0.9919354838709677	0.8943089430894309	0.0	0.9532815368476266	1	1
Rupicapra rupicapra	6	exon_6	1	1	0.9461883408071748	0.9461883408071748	0.9461883408071748	0.8691943127962085	0.0	0.9264166648956143	1	1
Rusa alfredi	1	exon_1	1	1	0.9690721649484536	0.9690721649484536	0.9690721649484536	0.8723404255319149	0.0	0.9375009139431163	1	1
Rusa alfredi	2	exon_2	1	1	0.9703947368421053	0.9703947368421053	0.9703947368421053	0.9050847457627119	0.0	0.9462821513529588	1	1
Rusa alfredi	3	exon_3	1	1	0.9796893667861409	0.9796893667861409	0.9796893667861409	0.8829268292682927	0.0	0.9449252557041701	1	1
Rusa alfredi	4	exon_4	1	1	0.0	0.0	0.0	0.0		0.23333333333333334	0	0
Rusa alfredi	5	exon_5	1	1	0.9919354838709677	0.9919354838709677	0.9919354838709677	0.8943089430894309	0.0	0.9532815368476266	1	1
Rusa alfredi	6	exon_6	1	1	0.9551569506726457	0.9551569506726457	0.9551569506726457	0.8732394366197183	0.0	0.9314638202909535	1	1
Saiga tatarica	1	exon_1	1	1	0.0	0.0	0.0	0.0		0.2	0	0
Saiga tatarica	2	exon_2	1	1	0.9572368421052632	0.9572368421052632	0.9572368421052632	0.8625429553264605	0.0	0.8963923177789836	1	1
Saiga tatarica	3	exon_3	1	1	0.966547192353644	0.966547192353644	0.966547192353644	0.8590852904820766	0.0	0.899717559179659	1	1
Saiga tatarica	4	exon_4	1	1	0.647887323943662	0.647887323943662	0.647887323943662	0.8913043478260869	0.0	0.7643753827311698	0	1
Saiga tatarica	5	exon_5	1	1	0.0	0.0	0.0	0.0		0.2	0	0
Saiga tatarica	6	exon_6	1	1	0.0	0.0	0.0	0.0		0.2	0	0
Sylvicapra grimmia	1	exon_1	1	1	0.8969072164948454	0.8969072164948454	0.8969072164948454	0.8505747126436781	0.0	0.9162519255836	1	1
Sylvicapra grimmia	2	exon_2	1	1	0.9967105263157895	0.9967105263157895	0.9967105263157895	0.8976897689768977	0.0	0.9729421790863297	1	1
Sylvicapra grimmia	3	exon_3	1	1	0.972520908004779	0.972520908004779	0.972520908004779	0.8808353808353808	0.0	0.9578432538109958	1	1
Sylvicapra grimmia	4	exon_4	1	1	0.9953051643192489	0.9953051643192489	0.9953051643192489	0.9009433962264151	0.0	0.9731231730002659	1	1
Sylvicapra grimmia	5	exon_5	1	1	0.9919354838709677	0.9919354838709677	0.9919354838709677	0.8943089430894309	0.0	0.9699482035142932	1	1
Sylvicapra grimmia	6	exon_6	1	1	0.967713004484305	0.967713004484305	0.967713004484305	0.8748841519925857	0.0	0.9541918900160837	1	1
Syncerus caffer	1	exon_1	2	2	0.0	0.0	0.0	0.0		0.21666666666666667	0	0
Syncerus caffer	2	exon_2	2	2	0.0	0.0	0.0	0.0		0.21666666666666667	0	0
Syncerus caffer	3	exon_3	2	2	0.929510155316607	0.929510155316607	0.929510155316607	0.8830334190231363	0.0	0.905704591314924	2	2
Syncerus caffer	4	exon_4	2	2	0.9953051643192489	0.9953051643192489	0.9953051643192489	0.8985849056603774	0.0	0.939200217025423	2	2
Syncerus caffer	5	exon_5	2	2	0.9919354838709677	0.9919354838709677	0.9919354838709677	0.9065040650406504	0.0	0.9396636506687648	2	2
Syncerus caffer	6	exon_6	2	2	0.9632286995515695	0.9632286995515695	0.9632286995515695	0.8766294227188082	0.0	0.919276937144575	2	2
Tragelaphus buxtoni	1	exon_1	1	1	0.0	0.0	0.0	0.0		0.2	0	0
Tragelaphus buxtoni	2	exon_2	1	1	0.0	0.0	0.0	0.0		0.2	0	0
Tragelaphus buxtoni	3	exon_3	1	1	0.5448028673835126	0.5448028673835126	0.5448028673835126	0.9035087719298246	0.0	0.721038483305037	0	1
Tragelaphus buxtoni	4	exon_4	1	1	0.0	0.0	0.0	0.0		0.2	0	0
Tragelaphus buxtoni	5	exon_5	1	1	0.9919354838709677	0.9919354838709677	0.9919354838709677	0.8943089430894309	0.0	0.9199482035142933	1	1
Tragelaphus buxtoni	6	exon_6	1	1	0.8699551569506726	0.8699551569506726	0.8699551569506726	0.8731958762886598	0.0	0.8597787896999677	1	1
Tragelaphus eurycerus	1	exon_1	3	3	0.9742268041237113	0.9742268041237113	0.9742268041237113	0.8571428571428571	0.0	0.9526877761413844	3	3
Tragelaphus eurycerus	2	exon_2	3	3	1.0	1.0	1.0	0.8980263157894737	0.0	0.9745065789473685	3	3
Tragelaphus eurycerus	3	exon_3	3	3	0.7001194743130227	0.7001194743130227	0.7001194743130227	0.89419795221843	0.0	0.8386032514954678	0	3
Tragelaphus eurycerus	4	exon_4	3	3	0.9859154929577465	0.9859154929577465	0.9859154929577465	0.8761904761904762	0.0	0.962709590878605	3	3
Tragelaphus eurycerus	5	exon_5	3	3	0.9919354838709677	0.9919354838709677	0.9919354838709677	0.9105691056910569	0.0	0.9740132441646998	3	3
Tragelaphus eurycerus	6	exon_6	3	3	0.947085201793722	0.947085201793722	0.947085201793722	0.8768939393939394	0.0	0.9454118256556598	3	3
Tragelaphus imberbis	1	exon_1	1	1	0.9742268041237113	0.9742268041237113	0.9742268041237113	0.8571428571428571	0.0	0.9526877761413844	1	1
Tragelaphus imberbis	2	exon_2	1	1	1.0	1.0	1.0	0.8947368421052632	0.0	0.9736842105263158	1	1
Tragelaphus imberbis	3	exon_3	1	1	0.7001194743130227	0.7001194743130227	0.7001194743130227	0.8959044368600683	0.0	0.8390298726558774	0	1
Tragelaphus imberbis	4	exon_4	1	1	0.9859154929577465	0.9859154929577465	0.9859154929577465	0.8857142857142857	0.0	0.9650905432595573	1	1
Tragelaphus imberbis	5	exon_5	1	1	0.9919354838709677	0.9919354838709677	0.9919354838709677	0.9105691056910569	0.0	0.9740132441646998	1	1
Tragelaphus imberbis	6	exon_6	1	1	0.9542600896860987	0.9542600896860987	0.9542600896860987	0.8721804511278195	0.0	0.9474621531406993	1	1
Tragelaphus oryx	1	exon_1	1	1	0.0	0.0	0.0	0.0		0.09166666666666666	0	0
Tragelaphus oryx	2	exon_2	1	1	0.0	0.0	0.0	0.0		0.09166666666666666	0	0
Tragelaphus oryx	3	exon_3	1	1	0.0	0.0	0.0	0.0		0.09166666666666666	0	0
Tragelaphus oryx	4	exon_4	1	1	0.0	0.0	0.0	0.0		0.09166666666666666	0	0
Tragelaphus oryx	5	exon_5	1	1	0.0	0.0	0.0	0.0		0.09166666666666666	0	0
Tragelaphus oryx	6	exon_6	1	1	0.9103139013452914	0.9103139013452914	0.9103139013452914	0.8817733990147784	0.0	0.7717512720257425	0	1
Tragelaphus scriptus	1	exon_1	1	1	0.9742268041237113	0.9742268041237113	0.9742268041237113	0.8624338624338624	0.0	0.9206771941308024	1	1
Tragelaphus scriptus	2	exon_2	1	1	1.0	1.0	1.0	0.8848684210526315	0.0	0.9378837719298246	1	1
Tragelaphus scriptus	3	exon_3	1	1	0.6977299880525687	0.6977299880525687	0.6977299880525687	0.8904109589041096	0.0	0.80324790101635	0	1
Tragelaphus scriptus	4	exon_4	1	1	0.863849765258216	0.863849765258216	0.863849765258216	0.8804347826086957	0.0	0.8755077566850379	1	1
Tragelaphus scriptus	5	exon_5	1	1	0.0	0.0	0.0	0.0		0.21666666666666667	0	0
Tragelaphus scriptus	6	exon_6	1	1	0.0	0.0	0.0	0.0		0.21666666666666667	0	0
Tragelaphus spekii	1	exon_1	1	1	0.9742268041237113	0.9742268041237113	0.9742268041237113	0.8624338624338624	0.0	0.9373438607974691	1	1
Tragelaphus spekii	2	exon_2	1	1	1.0	1.0	1.0	0.8980263157894737	0.0	0.9578399122807019	1	1
Tragelaphus spekii	3	exon_3	1	1	0.7001194743130227	0.7001194743130227	0.7001194743130227	0.8890784982935154	0.0	0.8206567213475725	0	1
Tragelaphus spekii	4	exon_4	1	1	0.0	0.0	0.0	0.0		0.23333333333333334	0	0
Tragelaphus spekii	5	exon_5	1	1	0.9919354838709677	0.9919354838709677	0.9919354838709677	0.8943089430894309	0.0	0.9532815368476266	1	1
Tragelaphus spekii	6	exon_6	1	1	0.9551569506726457	0.9551569506726457	0.9551569506726457	0.8713615023474178	0.0	0.9309943367228785	1	1
Tragelaphus strepsiceros	1	exon_1	1	1	0.9742268041237113	0.9742268041237113	0.9742268041237113	0.8624338624338624	0.0	0.9373438607974691	1	1
Tragelaphus strepsiceros	2	exon_2	1	1	1.0	1.0	1.0	0.9013157894736842	0.0	0.9586622807017545	1	1
Tragelaphus strepsiceros	3	exon_3	1	1	0.7060931899641577	0.7060931899641577	0.7060931899641577	0.8883248730964467	0.0	0.8231564870913161	0	1
Tragelaphus strepsiceros	4	exon_4	1	1	0.1784037558685446	0.1784037558685446	0.1784037558685446	0.8947368421052632	0.0	0.5872992340004943	0	0
Tragelaphus strepsiceros	5	exon_5	1	1	0.9919354838709677	0.9919354838709677	0.9919354838709677	0.8861788617886179	0.0	0.9512490165224234	1	1
Tragelaphus strepsiceros	6	exon_6	1	1	0.9614349775784753	0.9614349775784753	0.9614349775784753	0.878731343283582	0.0	0.9356619090645428	1	1
Tragulus javanicus	1	exon_1	2	2	0.9226804123711341	0.9226804123711341	0.9226804123711341	0.8268156424581006	0.0	0.8719100961815356	2	2
Tragulus javanicus	2	exon_2	2	2	0.0	0.0	0.0	0.0		0.2	0	0
Tragulus javanicus	3	exon_3	2	2	0.0	0.0	0.0	0.0		0.2	0	0
Tragulus javanicus	4	exon_4	2	2	0.1596244131455399	0.3192488262910798	0.1596244131455399	0.4264705882352941	0.0	0.4034486329743165	0	0
Tragulus javanicus	5	exon_5	2	2	0.4879032258064516	0.9758064516129032	0.4879032258064516	0.45041322314049587	0.0	0.5571597573980273	1	1
Tragulus javanicus	6	exon_6	2	2	0.9982062780269059	0.9982062780269059	0.9982062780269059	0.8288409703504043	0.0	0.9064030676997088	2	2
Tragulus kanchil	1	exon_1	2	2	0.9226804123711341	0.9226804123711341	0.9226804123711341	0.8212290502793296	0.0	0.8705134481368428	2	2
Tragulus kanchil	2	exon_2	2	2	0.0	0.0	0.0	0.0		0.2	0	0
Tragulus kanchil	3	exon_3	2	2	0.0	0.0	0.0	0.0		0.2	0	0
Tragulus kanchil	4	exon_4	2	2	0.1596244131455399	0.3192488262910798	0.1596244131455399	0.4338235294117647	0.0	0.4052868682684342	0	0
Tragulus kanchil	5	exon_5	2	2	0.4879032258064516	0.9758064516129032	0.4879032258064516	0.45041322314049587	0.0	0.5571597573980273	1	1
Tragulus kanchil	6	exon_6	2	2	0.9982062780269059	0.9982062780269059	0.9982062780269059	0.8297394429469902	0.0	0.9066276858488553	2	2
