species_key	repeat_event_key	exon_index	exon_pos_median	length_median	repeat_class_family	repeat_name	supporting_assemblies	callable_assemblies	support_fraction	species_repeat_confidence	support_accessions
Addax nasomaculatus	repeat_insertion|ex3|pos~400|unclassified	3	407.0	138.0	unclassified	unclassified	2	2	1.0	HIGH	GCA_019593525.1;GCA_044231825.1
Alces alces	repeat_insertion|ex2|pos~240|unclassified	2	237.0	808.0	unclassified	unclassified	5	5	1.0	HIGH	GCA_007570765.1;GCA_015832495.2;GCA_059051325.1;GCA_059051365.1;GCA_964270355.1
Alces alces	repeat_insertion|ex3|pos~200|unclassified	3	195.0	251.0	unclassified	unclassified	5	5	1.0	HIGH	GCA_007570765.1;GCA_015832495.2;GCA_059051325.1;GCA_059051365.1;GCA_964270355.1
Alces alces	repeat_insertion|ex3|pos~260|unclassified	3	267.0	15.0	unclassified	unclassified	5	5	1.0	HIGH	GCA_007570765.1;GCA_015832495.2;GCA_059051325.1;GCA_059051365.1;GCA_964270355.1
Ammotragus lervia	repeat_insertion|ex3|pos~400|unclassified	3	407.0	146.0	unclassified	unclassified	1	1	1.0	MEDIUM	GCA_002201775.1
Ammotragus lervia	repeat_insertion|ex4|pos~40|unclassified	4	38.0	716.0	unclassified	unclassified	1	1	1.0	MEDIUM	GCA_002201775.1
Antilocapra americana	repeat_insertion|ex6|pos~740|unclassified	6	732.0	7.0	unclassified	unclassified	5	5	1.0	HIGH	GCA_004027515.2;GCA_007570785.1;GCA_021018645.1;GCA_051176575.2;GCA_051176615.2
Axis porcinus	repeat_insertion|ex2|pos~240|unclassified	2	237.0	811.0	unclassified	unclassified	3	3	1.0	HIGH	GCA_003798545.1;GCA_054883215.1;GCA_054883225.1
Axis porcinus	repeat_insertion|ex3|pos~200|unclassified	3	195.0	251.0	unclassified	unclassified	3	3	1.0	HIGH	GCA_003798545.1;GCA_054883215.1;GCA_054883225.1
Axis porcinus	repeat_insertion|ex3|pos~260|unclassified	3	267.0	15.0	unclassified	unclassified	3	3	1.0	HIGH	GCA_003798545.1;GCA_054883215.1;GCA_054883225.1
Axis porcinus	repeat_insertion|ex3|pos~380|unclassified	3	388.0	12.0	unclassified	unclassified	1	3	0.3333333333333333	LOW	GCA_003798545.1
Axis porcinus	repeat_insertion|ex3|pos~400|unclassified	3	393.0	10.0	unclassified	unclassified	3	3	1.0	HIGH	GCA_003798545.1;GCA_054883215.1;GCA_054883225.1
Axis porcinus	repeat_insertion|ex4|pos~40|unclassified	4	38.0	272.0	unclassified	unclassified	3	3	1.0	HIGH	GCA_003798545.1;GCA_054883215.1;GCA_054883225.1
Beatragus hunteri	repeat_insertion|ex3|pos~400|unclassified	3	402.0	139.0	unclassified	unclassified	1	1	1.0	MEDIUM	GCA_004027495.1
Beatragus hunteri	repeat_insertion|ex4|pos~40|unclassified	4	38.0	716.0	unclassified	unclassified	1	1	1.0	MEDIUM	GCA_004027495.1
Bison bison	repeat_insertion|ex4|pos~40|unclassified	4	38.0	716.0	unclassified	unclassified	2	2	1.0	HIGH	GCA_000754665.1;GCF_000754665.1
Bison bonasus	repeat_insertion|ex4|pos~40|unclassified	4	38.0	716.0	unclassified	unclassified	1	1	1.0	MEDIUM	GCA_963879515.1
Bos gaurus	repeat_insertion|ex4|pos~40|unclassified	4	38.0	716.0	unclassified	unclassified	2	2	1.0	HIGH	GCA_014182915.2;GCA_965225615.1
Bos gaurus x Bos taurus	repeat_insertion|ex4|pos~40|unclassified	4	38.0	716.0	unclassified	unclassified	1	1	1.0	MEDIUM	GCA_946052875.1
Bos grunniens	repeat_insertion|ex3|pos~200|unclassified	3	210.0	6.0	unclassified	unclassified	5	5	1.0	HIGH	GCA_005887515.3;GCA_027580245.1;GCA_050059765.1;GCA_055505025.1;GCF_055505025.1
Bos grunniens x Bos taurus	repeat_insertion|ex3|pos~200|unclassified	3	210.0	6.0	unclassified	unclassified	1	2	0.5	MEDIUM	GCA_009493645.1
Bos grunniens x Bos taurus	repeat_insertion|ex4|pos~40|unclassified	4	38.0	716.0	unclassified	unclassified	1	2	0.5	MEDIUM	GCA_009493655.1
Bos indicus	repeat_insertion|ex4|pos~40|unclassified	4	38.0	716.0	unclassified	unclassified	46	47	0.9787234042553191	HIGH	GCA_000247795.2;GCA_002933975.1;GCA_026262375.1;GCA_026262465.1;GCA_026262515.1;GCA_026262545.1;GCA_029378735.1;GCA_029378745.1;GCA_030267345.1;GCA_030267355.1;GCA_030267375.1;GCA_030269505.1;GCA_030269805.1;GCA_030269815.1;GCA_030270685.1;GCA_030270705.1;GCA_030270715.1;GCA_030270725.1;GCA_030270805.1;GCA_030270825.1;GCA_030270845.1;GCA_030270855.1;GCA_030270865.1;GCA_030270935.1;GCA_030270945.1;GCA_030270955.1;GCA_030270995.1;GCA_030271795.1;GCA_030271805.1;GCA_030272135.1;GCA_030272235.1;GCA_030272475.1;GCA_030272495.1;GCA_030272505.1;GCA_033030755.1;GCA_039881165.1;GCA_057190485.1;GCA_057190515.1;GCA_057190595.1;GCA_963966175.1;GCA_963966215.1;GCA_963966345.1;GCA_963966355.1;GCA_963966425.1;GCF_000247795.1;GCF_029378745.1
Bos indicus x Bos taurus	repeat_insertion|ex4|pos~40|unclassified	4	38.0	716.0	unclassified	unclassified	10	10	1.0	HIGH	GCA_003369685.2;GCA_003369695.2;GCA_012069665.1;GCA_012070425.1;GCA_012070445.1;GCA_012070465.1;GCA_012070475.1;GCA_012070485.1;GCA_056825275.1;GCF_003369695.1
Bos javanicus	repeat_insertion|ex4|pos~40|unclassified	4	38.0	716.0	unclassified	unclassified	2	2	1.0	HIGH	GCA_032452875.1;GCF_032452875.1
Bos mutus	repeat_insertion|ex3|pos~200|unclassified	3	210.0	6.0	unclassified	unclassified	6	6	1.0	HIGH	GCA_000298355.1;GCA_002968435.1;GCA_007646595.3;GCA_027580195.2;GCF_000298355.1;GCF_027580195.1
Bos taurus	repeat_insertion|ex4|pos~40|unclassified	4	38.0	716.0	unclassified	unclassified	203	203	1.0	HIGH	GCA_000003055.5;GCA_000003205.6;GCA_002263795.4;GCA_021234555.1;GCA_021347905.1;GCA_024542955.1;GCA_028973685.2;GCA_033032115.1;GCA_034097375.1;GCA_039881175.1;GCA_040285425.1;GCA_040286185.1;GCA_043882115.1;GCA_047652215.1;GCA_049634445.1;GCA_049634505.1;GCA_049634545.1;GCA_049634565.1;GCA_049634675.1;GCA_049634715.1;GCA_051106085.1;GCA_051122635.1;GCA_054825135.1;GCA_055691375.1;GCA_055691405.1;GCA_056162995.1;GCA_056748525.1;GCA_057190615.1;GCA_059336145.1;GCA_059997585.1;GCA_905123515.1;GCA_905123885.1;GCA_914753205.1;GCA_947034695.1;GCA_963920245.1;GCA_963920255.1;GCA_963920265.1;GCA_963921495.1;GCA_964019205.1;GCA_964019215.2;GCA_964019225.2;GCA_964019235.2;GCA_964019245.2;GCA_964019265.2;GCA_964019275.1;GCA_964019295.2;GCA_965153475.2;GCA_965153485.2;GCA_965153495.2;GCA_965153505.2;GCA_965153515.2;GCA_965153525.2;GCA_965153535.2;GCA_965153545.2;GCA_965153555.2;GCA_965153565.2;GCA_965153575.2;GCA_965153585.2;GCA_965153595.2;GCA_965153605.2;GCA_965153615.2;GCA_965153625.2;GCA_965153635.2;GCA_965153645.2;GCA_965153655.2;GCA_965153665.2;GCA_965153675.2;GCA_965153685.2;GCA_965153695.2;GCA_965153705.2;GCA_965153715.2;GCA_965153725.2;GCA_965153735.2;GCA_965153745.2;GCA_965153755.2;GCA_965153765.2;GCA_965153775.2;GCA_965153785.2;GCA_965153795.2;GCA_965153805.2;GCA_965153815.2;GCA_965153825.2;GCA_965153835.2;GCA_965153845.2;GCA_965153855.2;GCA_965153865.2;GCA_965153875.2;GCA_965153885.2;GCA_965153895.2;GCA_965153905.2;GCA_965153915.2;GCA_965153925.2;GCA_965153935.2;GCA_965153945.2;GCA_965153955.2;GCA_965153965.2;GCA_965153975.2;GCA_965153985.2;GCA_965153995.2;GCA_965154005.2;GCA_965154015.2;GCA_965154025.2;GCA_965154035.2;GCA_965154045.2;GCA_965154055.2;GCA_965154065.2;GCA_965154075.2;GCA_965154085.2;GCA_965154095.2;GCA_965154105.2;GCA_965154155.2;GCA_965154165.2;GCA_965154175.2;GCA_965154185.2;GCA_965154195.2;GCA_965154205.2;GCA_965154215.2;GCA_965154225.2;GCA_965154235.2;GCA_965154245.2;GCA_965154255.2;GCA_965154265.2;GCA_965154275.2;GCA_965154285.2;GCA_965154295.2;GCA_965154305.2;GCA_965154315.2;GCA_965154325.2;GCA_965154335.2;GCA_965154345.2;GCA_965154355.2;GCA_965154365.2;GCA_965154375.2;GCA_965154385.2;GCA_965154395.2;GCA_965154405.2;GCA_965154415.2;GCA_965154425.2;GCA_965154435.2;GCA_965154445.2;GCA_965177315.2;GCA_965177325.2;GCA_965177335.2;GCA_965177345.2;GCA_965177355.2;GCA_965177365.2;GCA_965177375.2;GCA_965177385.2;GCA_965177395.2;GCA_965177405.2;GCA_965177415.2;GCA_965177425.2;GCA_965177435.2;GCA_965177445.2;GCA_965177455.2;GCA_965177465.2;GCA_965177475.2;GCA_965177485.2;GCA_965177495.2;GCA_965177505.2;GCA_965177515.2;GCA_965177525.2;GCA_965177535.2;GCA_965177545.2;GCA_965177555.2;GCA_965177565.2;GCA_965177575.2;GCA_965177585.2;GCA_965177605.2;GCA_965177615.2;GCA_965177625.2;GCA_965177635.2;GCA_965177645.2;GCA_965177655.2;GCA_965177665.2;GCA_965177675.2;GCA_965177685.2;GCA_965177695.2;GCA_965177705.2;GCA_965177715.2;GCA_965177725.2;GCA_965177735.2;GCA_965177745.2;GCA_965177755.2;GCA_965177765.2;GCA_965177775.2;GCA_965177785.2;GCA_965177795.2;GCA_965177805.2;GCA_965177825.2;GCA_974728815.1;GCA_976986615.1;GCA_976986625.1;GCA_976986635.2;GCA_977927225.1;GCA_977927245.1;GCA_977927255.1;GCA_977927265.1;GCA_977927285.1;GCA_977970235.1;GCF_000003055.6;GCF_000003205.7;GCF_002263795.3
Bos taurus x Bison bison	repeat_insertion|ex4|pos~40|unclassified	4	38.0	716.0	unclassified	unclassified	3	3	1.0	HIGH	GCA_018282365.1;GCA_018282465.1;GCA_030254855.1
Bubalus bubalis	repeat_insertion|ex3|pos~660|simple/tandem	3	657.0	9.0	simple/tandem	tandem-repeat-like	1	14	0.07142857142857142	LOW	GCA_002993835.1
Bubalus bubalis	repeat_insertion|ex3|pos~660|unclassified	3	661.0	6.0	unclassified	unclassified	1	14	0.07142857142857142	LOW	GCA_002993835.1
Bubalus bubalis	repeat_insertion|ex4|pos~40|unclassified	4	38.0	716.0	unclassified	unclassified	16	16	1.0	HIGH	GCA_000180995.3;GCA_000471725.1;GCA_002993835.1;GCA_003121395.1;GCA_004794615.1;GCA_019923925.1;GCA_019923935.1;GCA_965246665.2;GCA_965606195.1;GCA_965642185.1;GCA_965642195.1;GCA_965642205.1;GCF_000471725.1;GCF_003121395.1;GCF_019923925.1;GCF_019923935.1
Bubalus depressicornis	repeat_insertion|ex4|pos~40|unclassified	4	38.0	716.0	unclassified	unclassified	1	1	1.0	MEDIUM	GCA_025584935.1
Bubalus kerabau	repeat_insertion|ex4|pos~40|unclassified	4	38.0	716.0	unclassified	unclassified	3	3	1.0	HIGH	GCA_029407905.2;GCA_051307275.1;GCF_029407905.1
Budorcas taxicolor	repeat_insertion|ex3|pos~400|unclassified	3	407.0	144.0	unclassified	unclassified	2	2	1.0	HIGH	GCA_023091745.2;GCF_023091745.1
Budorcas taxicolor	repeat_insertion|ex4|pos~40|unclassified	4	38.0	715.0	unclassified	unclassified	2	2	1.0	HIGH	GCA_023091745.2;GCF_023091745.1
Capra aegagrus	repeat_insertion|ex3|pos~400|unclassified	3	407.0	145.5	unclassified	unclassified	2	2	1.0	HIGH	GCA_000765075.1;GCA_000978405.1
Capra aegagrus	repeat_insertion|ex4|pos~40|unclassified	4	38.0	716.0	unclassified	unclassified	2	2	1.0	HIGH	GCA_000765075.1;GCA_000978405.1
Capra falconeri	repeat_insertion|ex3|pos~400|unclassified	3	407.0	180.0	unclassified	unclassified	1	1	1.0	MEDIUM	GCA_038502695.1
Capra hircus	repeat_insertion|ex2|pos~200|simple/tandem	2	195.0	99.0	simple/tandem	tandem-repeat-like	1	68	0.014705882352941176	LOW	GCA_004361675.1
Capra hircus	repeat_insertion|ex3|pos~400|simple/tandem	3	407.0	144.0	simple/tandem	tandem-repeat-like	1	68	0.014705882352941176	LOW	GCA_004361675.1
Capra hircus	repeat_insertion|ex3|pos~400|unclassified	3	407.0	144.0	unclassified	unclassified	67	68	0.9852941176470589	HIGH	GCA_000317765.2;GCA_001704415.2;GCA_009823495.1;GCA_015443085.1;GCA_026652205.1;GCA_040806595.1;GCA_040822015.1;GCA_040970035.1;GCA_041053135.1;GCA_041735815.1;GCA_041736475.1;GCA_041920685.1;GCA_042835985.1;GCA_044509215.1;GCA_044587905.1;GCA_044587935.1;GCA_044587945.1;GCA_044588015.1;GCA_046464075.1;GCA_047671635.1;GCA_047671655.1;GCA_048593975.1;GCA_048594055.1;GCA_048594065.1;GCA_048594125.1;GCA_048594135.1;GCA_048594165.1;GCA_048598025.1;GCA_048598055.1;GCA_048598065.1;GCA_048598825.1;GCA_049004405.1;GCA_049004455.1;GCA_049004495.1;GCA_049004535.1;GCA_049004595.1;GCA_049004675.1;GCA_054126965.1;GCA_055691435.1;GCA_057428545.1;GCA_057428595.1;GCA_057556445.1;GCA_057557635.1;GCA_057557695.1;GCA_057557715.1;GCA_057557795.1;GCA_057557815.1;GCA_059055555.1;GCA_059055625.1;GCA_059335595.1;GCA_965363395.1;GCA_965363845.1;GCA_965363855.1;GCA_965363885.1;GCA_965364655.1;GCA_965365845.1;GCA_965365925.1;GCA_977879435.1;GCA_977879805.1;GCA_977880105.2;GCA_984506425.1;GCA_984506515.1;GCA_984506535.1;GCA_984506825.1;GCA_984513515.1;GCA_984513855.1;GCF_001704415.2
Capra hircus	repeat_insertion|ex3|pos~80|simple/tandem	3	70.0	99.0	simple/tandem	tandem-repeat-like	1	68	0.014705882352941176	LOW	GCA_004361675.1
Capra hircus	repeat_insertion|ex4|pos~40|simple/tandem	4	38.0	716.0	simple/tandem	tandem-repeat-like	1	68	0.014705882352941176	LOW	GCA_004361675.1
Capra hircus	repeat_insertion|ex4|pos~40|unclassified	4	38.0	716.0	unclassified	unclassified	65	68	0.9558823529411765	HIGH	GCA_000317765.2;GCA_001704415.2;GCA_009823495.1;GCA_015443085.1;GCA_026652205.1;GCA_040806595.1;GCA_040822015.1;GCA_040970035.1;GCA_041053135.1;GCA_041735815.1;GCA_041736475.1;GCA_041920685.1;GCA_042835985.1;GCA_044509215.1;GCA_044587905.1;GCA_044587935.1;GCA_044587945.1;GCA_044588015.1;GCA_046464075.1;GCA_047671635.1;GCA_047671655.1;GCA_048593975.1;GCA_048594055.1;GCA_048594065.1;GCA_048594125.1;GCA_048594135.1;GCA_048594165.1;GCA_048598025.1;GCA_048598055.1;GCA_048598065.1;GCA_048598825.1;GCA_049004405.1;GCA_049004495.1;GCA_049004535.1;GCA_049004595.1;GCA_054126965.1;GCA_055691435.1;GCA_057428545.1;GCA_057428595.1;GCA_057556445.1;GCA_057557635.1;GCA_057557695.1;GCA_057557715.1;GCA_057557795.1;GCA_057557815.1;GCA_059055555.1;GCA_059055625.1;GCA_059335595.1;GCA_965363395.1;GCA_965363845.1;GCA_965363855.1;GCA_965363885.1;GCA_965364655.1;GCA_965365845.1;GCA_965365925.1;GCA_977879435.1;GCA_977879805.1;GCA_977880105.2;GCA_984506425.1;GCA_984506515.1;GCA_984506535.1;GCA_984506825.1;GCA_984513515.1;GCA_984513855.1;GCF_001704415.2
Capra ibex	repeat_insertion|ex3|pos~400|unclassified	3	407.0	147.0	unclassified	unclassified	2	2	1.0	HIGH	GCA_006410555.1;GCA_054642885.1
Capra ibex	repeat_insertion|ex4|pos~40|unclassified	4	38.0	716.0	unclassified	unclassified	2	2	1.0	HIGH	GCA_006410555.1;GCA_054642885.1
Capra nubiana	repeat_insertion|ex3|pos~400|unclassified	3	407.0	144.0	unclassified	unclassified	2	2	1.0	HIGH	GCA_054855995.1;GCA_054856215.1
Capra nubiana	repeat_insertion|ex4|pos~40|unclassified	4	38.0	716.0	unclassified	unclassified	2	2	1.0	HIGH	GCA_054855995.1;GCA_054856215.1
Capra sibirica	repeat_insertion|ex3|pos~400|unclassified	3	407.0	150.0	unclassified	unclassified	1	1	1.0	MEDIUM	GCA_003182615.2
Capra sibirica	repeat_insertion|ex4|pos~40|unclassified	4	38.0	716.0	unclassified	unclassified	1	1	1.0	MEDIUM	GCA_003182615.2
Capreolus capreolus	repeat_insertion|ex2|pos~240|unclassified	2	237.0	776.0	unclassified	unclassified	1	1	1.0	MEDIUM	GCA_951849835.1
Capreolus capreolus	repeat_insertion|ex3|pos~200|unclassified	3	195.0	275.0	unclassified	unclassified	2	2	1.0	HIGH	GCA_000751575.1;GCA_951849835.1
Capreolus capreolus	repeat_insertion|ex3|pos~260|unclassified	3	267.0	15.0	unclassified	unclassified	2	2	1.0	HIGH	GCA_000751575.1;GCA_951849835.1
Capreolus pygargus	repeat_insertion|ex2|pos~240|unclassified	2	237.0	810.0	unclassified	unclassified	1	1	1.0	MEDIUM	GCA_012922965.1
Capreolus pygargus	repeat_insertion|ex3|pos~200|unclassified	3	195.0	251.0	unclassified	unclassified	1	1	1.0	MEDIUM	GCA_012922965.1
Capreolus pygargus	repeat_insertion|ex3|pos~260|unclassified	3	267.0	15.0	unclassified	unclassified	1	1	1.0	MEDIUM	GCA_012922965.1
Capricornis sumatraensis	repeat_insertion|ex3|pos~400|unclassified	3	407.0	143.0	unclassified	unclassified	2	2	1.0	HIGH	GCA_032405125.2;GCF_032405125.1
Capricornis sumatraensis	repeat_insertion|ex4|pos~40|unclassified	4	38.0	716.0	unclassified	unclassified	2	2	1.0	HIGH	GCA_032405125.2;GCF_032405125.1
Cephalophula zebra	repeat_insertion|ex3|pos~400|unclassified	3	407.0	132.0	unclassified	unclassified	2	2	1.0	HIGH	GCA_054099735.1;GCA_054099755.1
Cephalophula zebra	repeat_insertion|ex4|pos~40|unclassified	4	38.0	716.0	unclassified	unclassified	2	2	1.0	HIGH	GCA_054099735.1;GCA_054099755.1
Cephalophus harveyi	repeat_insertion|ex3|pos~400|unclassified	3	407.0	132.0	unclassified	unclassified	1	1	1.0	MEDIUM	GCA_006410635.1
Cervus albirostris	repeat_insertion|ex2|pos~240|unclassified	2	235.0	813.0	unclassified	unclassified	2	2	1.0	HIGH	GCA_006408465.1;GCA_046563475.2
Cervus albirostris	repeat_insertion|ex3|pos~200|unclassified	3	195.0	251.0	unclassified	unclassified	2	2	1.0	HIGH	GCA_006408465.1;GCA_046563475.2
Cervus albirostris	repeat_insertion|ex3|pos~260|unclassified	3	267.0	15.0	unclassified	unclassified	2	2	1.0	HIGH	GCA_006408465.1;GCA_046563475.2
Cervus canadensis	repeat_insertion|ex2|pos~240|unclassified	2	235.0	813.0	unclassified	unclassified	2	2	1.0	HIGH	GCA_019320065.1;GCF_019320065.1
Cervus canadensis	repeat_insertion|ex3|pos~200|unclassified	3	195.0	251.0	unclassified	unclassified	2	2	1.0	HIGH	GCA_019320065.1;GCF_019320065.1
Cervus canadensis	repeat_insertion|ex3|pos~260|unclassified	3	267.0	15.0	unclassified	unclassified	2	2	1.0	HIGH	GCA_019320065.1;GCF_019320065.1
Cervus elaphus	repeat_insertion|ex2|pos~240|simple/tandem	2	235.0	2742.0	simple/tandem	tandem-repeat-like	1	5	0.2	LOW	GCA_002197005.1
Cervus elaphus	repeat_insertion|ex2|pos~240|unclassified	2	235.0	813.0	unclassified	unclassified	4	5	0.8	HIGH	GCA_910593805.2;GCA_910594005.1;GCA_910594005.2;GCF_910594005.1
Cervus elaphus	repeat_insertion|ex3|pos~200|unclassified	3	195.0	251.0	unclassified	unclassified	5	5	1.0	HIGH	GCA_002197005.1;GCA_910593805.2;GCA_910594005.1;GCA_910594005.2;GCF_910594005.1
Cervus elaphus	repeat_insertion|ex3|pos~260|unclassified	3	267.0	15.0	unclassified	unclassified	4	5	0.8	HIGH	GCA_910593805.2;GCA_910594005.1;GCA_910594005.2;GCF_910594005.1
Cervus hanglu	repeat_insertion|ex2|pos~240|unclassified	2	235.0	813.0	unclassified	unclassified	1	1	1.0	MEDIUM	GCA_010411085.1
Cervus hanglu	repeat_insertion|ex3|pos~200|unclassified	3	195.0	251.0	unclassified	unclassified	1	1	1.0	MEDIUM	GCA_010411085.1
Cervus hanglu	repeat_insertion|ex3|pos~260|unclassified	3	267.0	15.0	unclassified	unclassified	1	1	1.0	MEDIUM	GCA_010411085.1
Cervus nippon	repeat_insertion|ex2|pos~240|unclassified	2	235.0	807.0	unclassified	unclassified	5	5	1.0	HIGH	GCA_034195675.1;GCA_038088365.1;GCA_040085125.1;GCA_052324755.1;GCA_054829135.1
Cervus nippon	repeat_insertion|ex3|pos~200|unclassified	3	195.0	251.0	unclassified	unclassified	5	5	1.0	HIGH	GCA_034195675.1;GCA_038088365.1;GCA_040085125.1;GCA_052324755.1;GCA_054829135.1
Cervus nippon	repeat_insertion|ex3|pos~260|unclassified	3	267.0	15.0	unclassified	unclassified	5	5	1.0	HIGH	GCA_034195675.1;GCA_038088365.1;GCA_040085125.1;GCA_052324755.1;GCA_054829135.1
Cervus nippon	repeat_insertion|ex3|pos~380|unclassified	3	388.0	12.0	unclassified	unclassified	5	5	1.0	HIGH	GCA_034195675.1;GCA_038088365.1;GCA_040085125.1;GCA_052324755.1;GCA_054829135.1
Cervus nippon	repeat_insertion|ex3|pos~400|unclassified	3	393.0	13.0	unclassified	unclassified	5	5	1.0	HIGH	GCA_034195675.1;GCA_038088365.1;GCA_040085125.1;GCA_052324755.1;GCA_054829135.1
Connochaetes taurinus	repeat_insertion|ex3|pos~400|unclassified	3	402.0	135.0	unclassified	unclassified	1	1	1.0	MEDIUM	GCA_006408615.1
Connochaetes taurinus	repeat_insertion|ex4|pos~40|unclassified	4	38.0	715.0	unclassified	unclassified	1	1	1.0	MEDIUM	GCA_006408615.1
Dama dama	repeat_insertion|ex2|pos~240|unclassified	2	237.0	813.0	unclassified	unclassified	4	4	1.0	HIGH	GCA_033118175.2;GCA_048126745.1;GCA_048127045.1;GCF_033118175.1
Dama dama	repeat_insertion|ex3|pos~200|unclassified	3	195.0	251.0	unclassified	unclassified	4	4	1.0	HIGH	GCA_033118175.2;GCA_048126745.1;GCA_048127045.1;GCF_033118175.1
Dama dama	repeat_insertion|ex3|pos~260|unclassified	3	267.0	15.0	unclassified	unclassified	4	4	1.0	HIGH	GCA_033118175.2;GCA_048126745.1;GCA_048127045.1;GCF_033118175.1
Damaliscus lunatus	repeat_insertion|ex3|pos~400|unclassified	3	402.0	135.0	unclassified	unclassified	1	1	1.0	MEDIUM	GCA_006408505.1
Damaliscus lunatus	repeat_insertion|ex4|pos~40|unclassified	4	38.0	716.0	unclassified	unclassified	1	1	1.0	MEDIUM	GCA_006408505.1
Elaphurus davidianus	repeat_insertion|ex2|pos~240|unclassified	2	237.0	811.0	unclassified	unclassified	2	2	1.0	HIGH	GCA_002443075.1;GCA_021018665.1
Elaphurus davidianus	repeat_insertion|ex3|pos~200|unclassified	3	195.0	251.0	unclassified	unclassified	2	2	1.0	HIGH	GCA_002443075.1;GCA_021018665.1
Elaphurus davidianus	repeat_insertion|ex3|pos~260|unclassified	3	267.0	15.0	unclassified	unclassified	2	2	1.0	HIGH	GCA_002443075.1;GCA_021018665.1
Elaphurus davidianus	repeat_insertion|ex3|pos~380|unclassified	3	388.0	12.0	unclassified	unclassified	1	2	0.5	MEDIUM	GCA_002443075.1
Elaphurus davidianus	repeat_insertion|ex3|pos~400|unclassified	3	393.0	13.0	unclassified	unclassified	1	2	0.5	MEDIUM	GCA_002443075.1
Hippotragus equinus	repeat_insertion|ex3|pos~400|unclassified	3	407.0	138.0	unclassified	unclassified	1	1	1.0	MEDIUM	GCA_016433095.1
Hippotragus equinus	repeat_insertion|ex4|pos~40|unclassified	4	38.0	716.0	unclassified	unclassified	1	1	1.0	MEDIUM	GCA_016433095.1
Hippotragus niger	repeat_insertion|ex3|pos~400|unclassified	3	407.0	138.0	unclassified	unclassified	1	1	1.0	MEDIUM	GCA_006942125.1
Hippotragus niger	repeat_insertion|ex4|pos~40|unclassified	4	38.0	716.0	unclassified	unclassified	1	1	1.0	MEDIUM	GCA_006942125.1
Hydropotes inermis	repeat_insertion|ex2|pos~240|unclassified	2	237.0	812.0	unclassified	unclassified	3	3	1.0	HIGH	GCA_006459105.1;GCA_020226075.1;GCA_056247825.1
Hydropotes inermis	repeat_insertion|ex3|pos~200|unclassified	3	195.0	244.0	unclassified	unclassified	3	3	1.0	HIGH	GCA_006459105.1;GCA_020226075.1;GCA_056247825.1
Hydropotes inermis	repeat_insertion|ex3|pos~260|unclassified	3	267.0	15.0	unclassified	unclassified	3	3	1.0	HIGH	GCA_006459105.1;GCA_020226075.1;GCA_056247825.1
Kobus ellipsiprymnus	repeat_insertion|ex3|pos~400|unclassified	3	407.0	135.0	unclassified	unclassified	1	1	1.0	MEDIUM	GCA_006410655.1
Kobus leche	repeat_insertion|ex3|pos~400|unclassified	3	407.0	135.0	unclassified	unclassified	1	1	1.0	MEDIUM	GCA_014926565.1
Litocranius walleri	repeat_insertion|ex4|pos~40|unclassified	4	38.0	1057.0	unclassified	unclassified	1	1	1.0	MEDIUM	GCA_006410535.1
Madoqua kirkii	repeat_insertion|ex4|pos~40|unclassified	4	38.0	713.0	unclassified	unclassified	1	1	1.0	MEDIUM	GCA_006408675.1
Moschus chrysogaster	repeat_insertion|ex6|pos~620|simple/tandem	6	612.0	1039.0	simple/tandem	tandem-repeat-like	1	1	1.0	MEDIUM	GCA_006461725.1
Moschus moschiferus	repeat_insertion|ex2|pos~240|unclassified	2	237.0	512.0	unclassified	unclassified	1	1	1.0	MEDIUM	GCA_011751665.1
Moschus moschiferus	repeat_insertion|ex4|pos~40|unclassified	4	38.0	719.0	unclassified	unclassified	2	2	1.0	HIGH	GCA_004024705.2;GCA_011751665.1
Muntiacus crinifrons	repeat_insertion|ex2|pos~240|unclassified	2	237.0	811.0	unclassified	unclassified	3	3	1.0	HIGH	GCA_006408485.1;GCA_020226055.1;GCA_020276665.1
Muntiacus crinifrons	repeat_insertion|ex3|pos~200|unclassified	3	195.0	251.0	unclassified	unclassified	3	3	1.0	HIGH	GCA_006408485.1;GCA_020226055.1;GCA_020276665.1
Muntiacus crinifrons	repeat_insertion|ex3|pos~260|unclassified	3	267.0	15.0	unclassified	unclassified	3	3	1.0	HIGH	GCA_006408485.1;GCA_020226055.1;GCA_020276665.1
Muntiacus feae	repeat_insertion|ex2|pos~240|unclassified	2	237.0	811.0	unclassified	unclassified	1	1	1.0	MEDIUM	GCA_059698765.1
Muntiacus feae	repeat_insertion|ex3|pos~200|unclassified	3	195.0	251.0	unclassified	unclassified	1	1	1.0	MEDIUM	GCA_059698765.1
Muntiacus feae	repeat_insertion|ex3|pos~260|unclassified	3	267.0	15.0	unclassified	unclassified	1	1	1.0	MEDIUM	GCA_059698765.1
Muntiacus gongshanensis	repeat_insertion|ex2|pos~240|unclassified	2	237.0	810.0	unclassified	unclassified	1	1	1.0	MEDIUM	GCA_020226025.1
Muntiacus gongshanensis	repeat_insertion|ex3|pos~200|unclassified	3	195.0	251.0	unclassified	unclassified	1	1	1.0	MEDIUM	GCA_020226025.1
Muntiacus gongshanensis	repeat_insertion|ex3|pos~260|unclassified	3	267.0	15.0	unclassified	unclassified	1	1	1.0	MEDIUM	GCA_020226025.1
Muntiacus muntjak	repeat_insertion|ex2|pos~240|unclassified	2	237.0	811.0	unclassified	unclassified	1	1	1.0	MEDIUM	GCA_008782695.1
Muntiacus muntjak	repeat_insertion|ex3|pos~200|unclassified	3	195.0	251.0	unclassified	unclassified	3	3	1.0	HIGH	GCA_006409035.1;GCA_008782695.1;GCA_008931205.1
Muntiacus muntjak	repeat_insertion|ex3|pos~260|unclassified	3	267.0	15.0	unclassified	unclassified	3	3	1.0	HIGH	GCA_006409035.1;GCA_008782695.1;GCA_008931205.1
Muntiacus reevesi	repeat_insertion|ex2|pos~240|unclassified	2	237.0	811.0	unclassified	unclassified	6	6	1.0	HIGH	GCA_006408525.1;GCA_008787405.2;GCA_020226045.1;GCA_963930625.1;GCA_963930625.2;GCF_963930625.1
Muntiacus reevesi	repeat_insertion|ex3|pos~200|unclassified	3	195.0	251.0	unclassified	unclassified	6	6	1.0	HIGH	GCA_006408525.1;GCA_008787405.2;GCA_020226045.1;GCA_963930625.1;GCA_963930625.2;GCF_963930625.1
Muntiacus reevesi	repeat_insertion|ex3|pos~260|unclassified	3	267.0	15.0	unclassified	unclassified	6	6	1.0	HIGH	GCA_006408525.1;GCA_008787405.2;GCA_020226045.1;GCA_963930625.1;GCA_963930625.2;GCF_963930625.1
Muntiacus vaginalis	repeat_insertion|ex2|pos~240|unclassified	2	237.0	811.0	unclassified	unclassified	1	1	1.0	MEDIUM	GCA_039877825.1
Muntiacus vaginalis	repeat_insertion|ex3|pos~200|unclassified	3	195.0	251.0	unclassified	unclassified	1	1	1.0	MEDIUM	GCA_039877825.1
Muntiacus vaginalis	repeat_insertion|ex3|pos~260|unclassified	3	267.0	15.0	unclassified	unclassified	1	1	1.0	MEDIUM	GCA_039877825.1
Nanger dama	repeat_insertion|ex4|pos~40|unclassified	4	38.0	692.5	unclassified	unclassified	2	2	1.0	HIGH	GCA_019969365.1;GCA_917880005.1
Nanger granti	repeat_insertion|ex4|pos~40|unclassified	4	38.0	693.0	unclassified	unclassified	1	1	1.0	MEDIUM	GCA_006408635.1
Neotragus moschatus	repeat_insertion|ex4|pos~40|unclassified	4	38.0	879.0	unclassified	unclassified	1	1	1.0	MEDIUM	GCA_006410615.1
Neotragus pygmaeus	repeat_insertion|ex4|pos~40|unclassified	4	38.0	1373.0	unclassified	unclassified	1	1	1.0	MEDIUM	GCA_006410875.1
Nilgiritragus hylocrius	repeat_insertion|ex3|pos~400|unclassified	3	407.0	138.0	unclassified	unclassified	1	1	1.0	MEDIUM	GCA_004026825.1
Odocoileus hemionus	repeat_insertion|ex2|pos~240|unclassified	2	237.0	812.0	unclassified	unclassified	4	4	1.0	HIGH	GCA_003697985.1;GCA_004115125.1;GCA_042767535.1;GCA_042768445.1
Odocoileus hemionus	repeat_insertion|ex3|pos~200|unclassified	3	195.0	251.0	unclassified	unclassified	4	4	1.0	HIGH	GCA_003697985.1;GCA_004115125.1;GCA_042767535.1;GCA_042768445.1
Odocoileus hemionus	repeat_insertion|ex3|pos~260|unclassified	3	267.0	15.0	unclassified	unclassified	4	4	1.0	HIGH	GCA_003697985.1;GCA_004115125.1;GCA_042767535.1;GCA_042768445.1
Odocoileus virginianus	repeat_insertion|ex2|pos~240|unclassified	2	237.0	809.0	unclassified	unclassified	5	5	1.0	HIGH	GCA_002102435.1;GCA_014726795.1;GCA_023699985.4;GCF_002102435.1;GCF_023699985.2
Odocoileus virginianus	repeat_insertion|ex3|pos~200|unclassified	3	195.0	251.0	unclassified	unclassified	5	5	1.0	HIGH	GCA_002102435.1;GCA_014726795.1;GCA_023699985.4;GCF_002102435.1;GCF_023699985.2
Odocoileus virginianus	repeat_insertion|ex3|pos~260|unclassified	3	267.0	15.0	unclassified	unclassified	5	5	1.0	HIGH	GCA_002102435.1;GCA_014726795.1;GCA_023699985.4;GCF_002102435.1;GCF_023699985.2
Oreamnos americanus	repeat_insertion|ex3|pos~400|unclassified	3	407.0	147.0	unclassified	unclassified	1	1	1.0	MEDIUM	GCA_009758055.1
Oreamnos americanus	repeat_insertion|ex4|pos~40|unclassified	4	38.0	716.0	unclassified	unclassified	1	1	1.0	MEDIUM	GCA_009758055.1
Oreotragus oreotragus	repeat_insertion|ex3|pos~580|unclassified	3	584.0	1208.0	unclassified	unclassified	1	1	1.0	MEDIUM	GCA_006410675.1
Oreotragus oreotragus	repeat_insertion|ex4|pos~40|unclassified	4	35.0	719.0	unclassified	unclassified	1	1	1.0	MEDIUM	GCA_006410675.1
Oryx dammah	repeat_insertion|ex3|pos~400|unclassified	3	407.0	138.0	unclassified	unclassified	2	2	1.0	HIGH	GCA_014754425.2;GCF_014754425.2
Oryx gazella	repeat_insertion|ex3|pos~400|simple/tandem	3	407.0	1394.0	simple/tandem	tandem-repeat-like	2	2	1.0	HIGH	GCA_003945745.1;GCA_006410575.1
Oryx gazella	repeat_insertion|ex4|pos~40|unclassified	4	38.0	716.0	unclassified	unclassified	2	2	1.0	HIGH	GCA_003945745.1;GCA_006410575.1
Ovibos moschatus	repeat_insertion|ex3|pos~400|unclassified	3	407.0	146.0	unclassified	unclassified	3	3	1.0	HIGH	GCA_021462335.1;GCA_022533635.2;GCA_041156055.1
Ovibos moschatus	repeat_insertion|ex4|pos~40|unclassified	4	38.0	711.0	unclassified	unclassified	3	3	1.0	HIGH	GCA_021462335.1;GCA_022533635.2;GCA_041156055.1
Ovis ammon	repeat_insertion|ex3|pos~400|unclassified	3	407.0	174.0	unclassified	unclassified	3	3	1.0	HIGH	GCA_006410595.1;GCA_028583565.1;GCA_045269445.1
Ovis ammon polii x Ovis aries	repeat_insertion|ex3|pos~400|unclassified	3	407.0	177.0	unclassified	unclassified	2	2	1.0	HIGH	GCA_023701655.1;GCA_023701675.1
Ovis aries	repeat_insertion|ex3|pos~400|unclassified	3	407.0	150.0	unclassified	unclassified	93	94	0.9893617021276596	HIGH	GCA_000298735.2;GCA_000765115.1;GCA_002742125.1;GCA_011170295.1;GCA_016772045.2;GCA_017524585.1;GCA_018804185.1;GCA_019145175.1;GCA_021325815.1;GCA_021325835.1;GCA_021325855.1;GCA_021325865.1;GCA_021325875.1;GCA_021325905.1;GCA_021325935.1;GCA_021326705.1;GCA_021326735.1;GCA_021326975.1;GCA_021327145.1;GCA_021327245.1;GCA_021327285.1;GCA_021327305.1;GCA_021327315.1;GCA_021327335.1;GCA_021327355.1;GCA_021327375.1;GCA_021327395.1;GCA_021327435.1;GCA_021328935.1;GCA_021328945.1;GCA_021328955.1;GCA_021328995.1;GCA_022244695.1;GCA_022244705.1;GCA_022416685.1;GCA_022416695.1;GCA_022416725.1;GCA_022416745.1;GCA_022416755.1;GCA_022416775.1;GCA_022416785.1;GCA_022416915.1;GCA_022432825.1;GCA_022432835.1;GCA_022432845.1;GCA_022538005.1;GCA_022702505.1;GCA_022702665.1;GCA_024222135.1;GCA_024222175.1;GCA_024222185.1;GCA_024222265.1;GCA_024256485.1;GCA_024256505.1;GCA_033439445.1;GCA_040259355.1;GCA_040543055.1;GCA_040805955.1;GCA_040836155.1;GCA_041121725.1;GCA_050084895.1;GCA_050916685.1;GCA_057332215.1;GCA_057332225.1;GCA_965363385.1;GCA_965363425.1;GCA_965363435.1;GCA_965363445.1;GCA_965363705.1;GCA_965363785.1;GCA_965364765.1;GCA_965364855.1;GCA_965365915.1;GCA_965637775.1;GCA_984506415.1;GCA_984506435.1;GCA_984506445.1;GCA_984506455.1;GCA_984506465.1;GCA_984506635.1;GCA_984506805.1;GCA_984506815.1;GCA_984506965.1;GCA_984507005.1;GCA_984513465.1;GCA_984514235.1;GCA_984514435.1;GCA_984514685.1;GCA_984538235.1;GCF_000298735.2;GCF_000765115.1;GCF_002742125.1;GCF_016772045.2
Ovis canadensis	repeat_insertion|ex3|pos~400|unclassified	3	403.0	150.0	unclassified	unclassified	4	4	1.0	HIGH	GCA_001039535.1;GCA_004026945.1;GCA_042477335.2;GCF_042477335.2
Ovis nivicola	repeat_insertion|ex3|pos~400|unclassified	3	403.0	150.0	unclassified	unclassified	1	1	1.0	MEDIUM	GCA_903231385.1
Ovis orientalis	repeat_insertion|ex3|pos~400|unclassified	3	403.0	150.0	unclassified	unclassified	1	1	1.0	MEDIUM	GCA_014523465.1
Ovis vignei	repeat_insertion|ex3|pos~400|unclassified	3	405.0	142.5	unclassified	unclassified	2	2	1.0	HIGH	GCA_050084595.1;GCA_053525375.1
Pantholops hodgsonii	repeat_insertion|ex3|pos~400|unclassified	3	407.0	135.0	unclassified	unclassified	3	3	1.0	HIGH	GCA_000400835.1;GCA_040182635.1;GCF_000400835.1
Philantomba maxwellii	repeat_insertion|ex3|pos~400|unclassified	3	407.0	132.0	unclassified	unclassified	1	1	1.0	MEDIUM	GCA_006410695.1
Philantomba maxwellii	repeat_insertion|ex4|pos~40|unclassified	4	38.0	853.0	unclassified	unclassified	1	1	1.0	MEDIUM	GCA_006410695.1
Philantomba maxwellii	repeat_insertion|ex6|pos~200|unclassified	6	203.0	9.0	unclassified	unclassified	1	1	1.0	MEDIUM	GCA_006410695.1
Pseudois nayaur	repeat_insertion|ex3|pos~400|unclassified	3	407.0	156.0	unclassified	unclassified	1	1	1.0	MEDIUM	GCA_003182575.1
Pseudois nayaur	repeat_insertion|ex4|pos~40|unclassified	4	38.0	714.0	unclassified	unclassified	1	1	1.0	MEDIUM	GCA_003182575.1
Pseudoryx nghetinhensis	repeat_insertion|ex4|pos~40|unclassified	4	35.0	719.0	unclassified	unclassified	1	1	1.0	MEDIUM	GCA_050436925.1
Rangifer tarandus	repeat_insertion|ex2|pos~240|unclassified	2	237.0	810.0	unclassified	unclassified	8	8	1.0	HIGH	GCA_004026565.1;GCA_014898785.1;GCA_019903745.2;GCA_902712895.1;GCA_949782905.1;GCA_951394145.2;GCA_963422255.1;GCA_965153185.1
Rangifer tarandus	repeat_insertion|ex3|pos~200|unclassified	3	195.0	251.0	unclassified	unclassified	9	9	1.0	HIGH	GCA_004026565.1;GCA_014898785.1;GCA_019903745.2;GCA_022457185.1;GCA_902712895.1;GCA_949782905.1;GCA_951394145.2;GCA_963422255.1;GCA_965153185.1
Rangifer tarandus	repeat_insertion|ex3|pos~260|unclassified	3	267.0	15.0	unclassified	unclassified	9	9	1.0	HIGH	GCA_004026565.1;GCA_014898785.1;GCA_019903745.2;GCA_022457185.1;GCA_902712895.1;GCA_949782905.1;GCA_951394145.2;GCA_963422255.1;GCA_965153185.1
Redunca redunca	repeat_insertion|ex3|pos~400|unclassified	3	407.0	135.0	unclassified	unclassified	1	1	1.0	MEDIUM	GCA_006410935.1
Rucervus eldii	repeat_insertion|ex2|pos~240|unclassified	2	237.0	811.0	unclassified	unclassified	4	4	1.0	HIGH	GCA_034233915.1;GCA_034234005.1;GCA_054824845.1;GCA_054824865.1
Rucervus eldii	repeat_insertion|ex3|pos~160|unclassified	3	166.0	171.0	unclassified	unclassified	1	4	0.25	LOW	GCA_034234005.1
Rucervus eldii	repeat_insertion|ex3|pos~200|unclassified	3	195.0	251.0	unclassified	unclassified	3	4	0.75	HIGH	GCA_034233915.1;GCA_054824845.1;GCA_054824865.1
Rucervus eldii	repeat_insertion|ex3|pos~260|unclassified	3	267.0	15.0	unclassified	unclassified	4	4	1.0	HIGH	GCA_034233915.1;GCA_034234005.1;GCA_054824845.1;GCA_054824865.1
Rupicapra rupicapra	repeat_insertion|ex3|pos~400|unclassified	3	407.0	141.0	unclassified	unclassified	1	1	1.0	MEDIUM	GCA_963981305.1
Rusa alfredi	repeat_insertion|ex2|pos~240|unclassified	2	237.0	1004.0	unclassified	unclassified	1	1	1.0	MEDIUM	GCA_038501445.1
Rusa alfredi	repeat_insertion|ex3|pos~200|unclassified	3	195.0	251.0	unclassified	unclassified	1	1	1.0	MEDIUM	GCA_038501445.1
Rusa alfredi	repeat_insertion|ex3|pos~260|unclassified	3	267.0	15.0	unclassified	unclassified	1	1	1.0	MEDIUM	GCA_038501445.1
Saiga tatarica	repeat_insertion|ex4|pos~40|unclassified	4	38.0	710.0	unclassified	unclassified	1	1	1.0	MEDIUM	GCA_004024985.1
Sylvicapra grimmia	repeat_insertion|ex3|pos~400|unclassified	3	407.0	138.0	unclassified	unclassified	1	1	1.0	MEDIUM	GCA_006408735.1
Sylvicapra grimmia	repeat_insertion|ex4|pos~40|unclassified	4	38.0	713.0	unclassified	unclassified	1	1	1.0	MEDIUM	GCA_006408735.1
Syncerus caffer	repeat_insertion|ex4|pos~40|unclassified	4	38.0	716.0	unclassified	unclassified	2	2	1.0	HIGH	GCA_006408785.2;GCA_902825105.1
Tragelaphus buxtoni	repeat_insertion|ex3|pos~140|simple/tandem	3	141.0	167.0	simple/tandem	tandem-repeat-like	1	1	1.0	MEDIUM	GCA_006411685.1
Tragelaphus buxtoni	repeat_insertion|ex6|pos~280|unclassified	6	284.0	17.0	unclassified	unclassified	1	1	1.0	MEDIUM	GCA_006411685.1
Tragelaphus buxtoni	repeat_insertion|ex6|pos~740|simple/tandem	6	740.0	155.0	simple/tandem	tandem-repeat-like	1	1	1.0	MEDIUM	GCA_006411685.1
Tragelaphus eurycerus	repeat_insertion|ex4|pos~40|unclassified	4	38.0	709.0	unclassified	unclassified	2	3	0.6666666666666666	HIGH	GCA_040438115.1;GCA_935064755.1
Tragelaphus eurycerus	repeat_insertion|ex6|pos~280|unclassified	6	284.0	17.0	unclassified	unclassified	3	3	1.0	HIGH	GCA_006410755.1;GCA_040438115.1;GCA_935064755.1
Tragelaphus imberbis	repeat_insertion|ex4|pos~40|unclassified	4	38.0	709.0	unclassified	unclassified	1	1	1.0	MEDIUM	GCA_006410775.1
Tragelaphus imberbis	repeat_insertion|ex6|pos~280|unclassified	6	284.0	17.0	unclassified	unclassified	1	1	1.0	MEDIUM	GCA_006410775.1
Tragelaphus oryx	repeat_insertion|ex6|pos~280|unclassified	6	284.0	17.0	unclassified	unclassified	1	1	1.0	MEDIUM	GCA_006416875.1
Tragelaphus spekii	repeat_insertion|ex6|pos~280|unclassified	6	284.0	17.0	unclassified	unclassified	1	1	1.0	MEDIUM	GCA_006411015.1
Tragelaphus strepsiceros	repeat_insertion|ex6|pos~280|unclassified	6	284.0	17.0	unclassified	unclassified	1	1	1.0	MEDIUM	GCA_006410795.1
Tragulus javanicus	repeat_insertion|ex1|pos~80|unclassified	1	72.0	14.0	unclassified	unclassified	2	2	1.0	HIGH	GCA_004024965.2;GCA_022457235.1
Tragulus kanchil	repeat_insertion|ex1|pos~80|unclassified	1	72.0	14.0	unclassified	unclassified	2	2	1.0	HIGH	GCA_006408655.1;GCA_022376925.1
