Assembly Name	Assembly Accession	Assembly Paired Assembly Accession	Organism Name	Species Key	Organism Infraspecific Names Breed	Organism Infraspecific Names Strain	Organism Infraspecific Names Cultivar	Organism Infraspecific Names Ecotype	Organism Infraspecific Names Isolate	Organism Infraspecific Names Sex	Annotation Name	Assembly Level	Assembly Release Date	WGS project accession	Assembly Stats Number of Scaffolds
T2T-mGirTip1v1.2.pri	GCA_054371585.1	GCF_054371585.1	Giraffa tippelskirchi	Giraffa tippelskirchi					mGirTip1	male		Complete Genome	2026-01-06	JBRKMC01	16
T2T-mGirTip1v1.2.pri	GCF_054371585.1	GCA_054371585.1	Giraffa tippelskirchi	Giraffa tippelskirchi					mGirTip1	male	GCF_054371585.1-RS_2026_02	Complete Genome	2026-01-06	JBRKMC01	16
ASM5624782v1	GCA_056247825.1		Hydropotes inermis	Hydropotes inermis					ZX01			Complete Genome	2026-03-23	JBQQXF01	35
NDDB_SH_1	GCA_019923935.1	GCF_019923935.1	Bubalus bubalis	Bubalus bubalis	Murrah				160015118507	female		Chromosome	2021-09-10	VDCB01	25
NDDB_SH_1	GCF_019923935.1	GCA_019923935.1	Bubalus bubalis	Bubalus bubalis	Murrah				160015118507	female	NCBI Bubalus bubalis Annotation Release 103	Chromosome	2021-09-10	VDCB01	25
Bosgru_T2T1.0	GCA_055505025.1	GCF_055505025.1	Bos grunniens	Bos grunniens			Pamir		PY7600			Chromosome	2026-02-24	JBTWXA01	30
Bosgru_T2T1.0	GCF_055505025.1	GCA_055505025.1	Bos grunniens	Bos grunniens			Pamir		PY7600		GCF_055505025.1-RS_2026_07	Chromosome	2026-02-25	JBTWXA01	30
ARS-UCD2.0	GCA_002263795.4	GCF_002263795.3	Bos taurus	Bos taurus	Hereford				L1 Dominette 01449 registration number 42190680	female		Chromosome	2023-07-01	NKLS02	1957
ARS-UCD2.0	GCF_002263795.3	GCA_002263795.4	Bos taurus	Bos taurus	Hereford				L1 Dominette 01449 registration number 42190680	female	GCF_002263795.3-RS_2024_12	Chromosome	2023-07-01	NKLS02	1957
ARS-UI_Ramb_v3.0	GCA_016772045.2	GCF_016772045.2	Ovis aries	Ovis aries	Rambouillet	OAR_USU_Benz2616				female		Chromosome	2023-07-20	JAEVFA01	142
ARS-UI_Ramb_v3.0	GCF_016772045.2	GCA_016772045.2	Ovis aries	Ovis aries	Rambouillet	OAR_USU_Benz2616				female	GCF_016772045.2-RS_2023_10	Chromosome	2023-07-20	JAEVFA01	142
ARS1.2	GCA_001704415.2	GCF_001704415.2	Capra hircus	Capra hircus	San Clemente					male		Chromosome	2016-08-24	LWLT01	29885
ARS1.2	GCF_001704415.2	GCA_001704415.2	Capra hircus	Capra hircus	San Clemente					male	NCBI Capra hircus Annotation Release 102	Chromosome	2016-08-24	LWLT01	29885
NIAB-ARS_B.indTharparkar_mat_pri_1.0	GCA_029378745.1	GCF_029378745.1	Bos indicus	Bos indicus	Sahiwal x Tharparkar				NIAB-ARS_2022	female		Chromosome	2023-03-24	JAPFIJ01	67
NIAB-ARS_B.indTharparkar_mat_pri_1.0	GCF_029378745.1	GCA_029378745.1	Bos indicus	Bos indicus	Sahiwal x Tharparkar				NIAB-ARS_2022	female	GCF_029378745.1-RS_2024_12	Chromosome	2023-03-24	JAPFIJ01	67
ASM4008512v1	GCA_040085125.1		Cervus nippon	Cervus nippon					HPL2020	male		Chromosome	2024-06-07	JAYKZF01	51
UOA_Angus_1	GCA_003369685.2		Bos indicus x Bos taurus	Bos indicus x Bos taurus	Angus x Brahman F1 hybrid					male		Chromosome	2018-11-30	PUFT02	1435
mRanTar1.h1.1	GCA_949782905.1		Rangifer tarandus platyrhynchus	Rangifer tarandus							Annotation submitted by EBP Norway	Chromosome	2023-04-20	CATKSN02	1395
YUN_Gayal_1	GCA_043643345.1		Bos frontalis	Bos frontalis	Chinese Gayal					male		Chromosome	2024-10-24	JBIDEE01	1068
NWIPB_WYAK_1.1	GCA_027580195.2	GCF_027580195.1	Bos mutus	Bos mutus					GX-2022	male		Chromosome	2023-01-09	JANCMR01	2039
NWIPB_WYAK_1.1	GCF_027580195.1	GCA_027580195.2	Bos mutus	Bos mutus					GX-2022	male	GCF_027580195.1-RS_2024_12	Chromosome	2023-01-09	JANCMR01	2039
mMunRee1.2	GCA_963930625.2		Muntiacus reevesi	Muntiacus reevesi								Chromosome	2026-02-01	CAWVNM02	241
mCerEla1.1	GCA_910594005.1	GCF_910594005.1	Cervus elaphus	Cervus elaphus								Chromosome	2021-07-07	CAJVBL01	144
mCerEla1.1	GCF_910594005.1	GCA_910594005.1	Cervus elaphus	Cervus elaphus							NCBI Cervus elaphus Annotation Release 100	Chromosome	2021-07-07	CAJVBL01	144
mCerEla1.hap1.2	GCA_910594005.2		Cervus elaphus	Cervus elaphus								Chromosome	2026-02-26	CAJVBL02	964
mMunRee1.1	GCA_963930625.1	GCF_963930625.1	Muntiacus reevesi	Muntiacus reevesi								Chromosome	2024-01-31	CAWVNM01	267
mMunRee1.1	GCF_963930625.1	GCA_963930625.1	Muntiacus reevesi	Muntiacus reevesi							GCF_963930625.1-RS_2024_06	Chromosome	2024-01-31	CAWVNM01	267
Ovbor_1.2	GCA_023699985.4	GCF_023699985.2	Odocoileus virginianus	Odocoileus virginianus				Illinois	20LAN1187	male		Chromosome	2024-10-17	JAJQKH02	480
Ovbor_1.2	GCF_023699985.2	GCA_023699985.4	Odocoileus virginianus	Odocoileus virginianus				Illinois	20LAN1187	male	GCF_023699985.2-RS_2024_12	Chromosome	2024-10-17	JAJQKH02	480
CAU_O.ammon polii_1.0	GCA_028583565.1		Ovis ammon polii	Ovis ammon					CAU-MHL-2022a	male	Annotation submitted by China Agricultural University	Chromosome	2023-02-10	JAKZEL01	62
ARS-UI_OviCan_v2	GCA_042477335.2	GCF_042477335.2	Ovis canadensis	Ovis canadensis	Bighorn				MfBH-ARS-UI-01	male		Chromosome	2024-10-18	JBGCUV01	41
ARS-UI_OviCan_v2	GCF_042477335.2	GCA_042477335.2	Ovis canadensis	Ovis canadensis	Bighorn				MfBH-ARS-UI-01	male	GCF_042477335.2-RS_2024_12	Chromosome	2024-10-18	JBGCUV01	41
BYU_Ohem_2021	GCA_020976825.1		Odocoileus hemionus	Odocoileus hemionus					AT2021a	female		Chromosome	2021-11-30	JAJLRB01	5513
PCC_UOA_SB_1v2	GCA_029407905.2	GCF_029407905.1	Bubalus kerabau	Bubalus kerabau	swamp buffalo			Philippines	K-KA32	female		Chromosome	2023-03-31	JARFXY01	115
PCC_UOA_SB_1v2	GCF_029407905.1	GCA_029407905.2	Bubalus kerabau	Bubalus kerabau	swamp buffalo			Philippines	K-KA32	female	GCF_029407905.1-RS_2024_02	Chromosome	2023-03-31	JARFXY01	115
ARS_UOA_Gaur_1.1	GCA_014182915.2		Bos gaurus	Bos gaurus					Gaur_Henry_Doorly_Zoo_5443	female		Chromosome	2020-08-14	JACAOC01	634
CapAeg_1.0	GCA_000978405.1		Capra aegagrus	Capra aegagrus					BamuBGIKM			Chromosome	2015-04-24	JXYW01	89498
ARS_UNL_BGru_maternal_1.0_p	GCA_009493645.1		Bos grunniens x Bos taurus	Bos grunniens x Bos taurus					Esperanza	female		Chromosome	2019-11-04	VLPI01	484
NWIPB_Pahodg_1.0	GCA_040182635.1		Pantholops hodgsonii	Pantholops hodgsonii					TAntelope-BX-2024	male		Chromosome	2024-06-17	JBBYXG01	540
ASM4423182v1	GCA_044231825.1		Addax nasomaculatus	Addax nasomaculatus					NWPU_XJL	female		Chromosome	2024-11-04	JAVHYU01	2643
ASM3311817v2	GCA_033118175.2	GCF_033118175.1	Dama dama	Dama dama					Ldn47	male		Chromosome	2024-10-18	JASJUW01	284
ASM3311817v2	GCF_033118175.1	GCA_033118175.2	Dama dama	Dama dama					Ldn47	male	GCF_033118175.1-RS_2023_11	Chromosome	2023-11-02	JASJUW01	284
mAxiPor1.hap1	GCA_054883215.1		Axis porcinus	Axis porcinus					mAxiPor1	male		Chromosome	2026-01-30	JBTXHO01	719
ARS-OSU_banteng_1.0	GCA_032452875.1	GCF_032452875.1	Bos javanicus	Bos javanicus	banteng					male		Chromosome	2023-10-11	JAVLEU01	1517
ARS-OSU_banteng_1.0	GCF_032452875.1	GCA_032452875.1	Bos javanicus	Bos javanicus	banteng					male	GCF_032452875.1-RS_2023_12	Chromosome	2023-10-11	JAVLEU01	1517
CAU_Oori_1.0	GCA_014523465.1		Ovis orientalis	Ovis orientalis		Amuf_v1				female		Chromosome	2020-09-11	JACSDQ01	128
ASM1932006v1	GCA_019320065.1	GCF_019320065.1	Cervus canadensis	Cervus canadensis					Bull #8, Minnesota	male		Chromosome	2021-07-26	JACTMD01	185
ASM1932006v1	GCF_019320065.1	GCA_019320065.1	Cervus canadensis	Cervus canadensis					Bull #8, Minnesota	male	NCBI Cervus canadensis Annotation Release 100	Chromosome	2021-07-26	JACTMD01	185
CAU_F1_maternal_1.0	GCA_023701675.1		Ovis ammon polii x Ovis aries	Ovis ammon polii x Ovis aries					F1 hybrid	male	Annotation submitted by China Agricultural University	Chromosome	2022-06-10	JALAIW01	337
mRupRup1.1	GCA_963981305.1		Rupicapra rupicapra	Rupicapra rupicapra								Chromosome	2024-03-10	CAXCFB01	75
Takin1.1	GCA_023091745.2	GCF_023091745.1	Budorcas taxicolor	Budorcas taxicolor					Tak-1	male		Chromosome	2022-04-22	JAKGDW01	1362
Takin1.1	GCF_023091745.1	GCA_023091745.2	Budorcas taxicolor	Budorcas taxicolor					Tak-1	male	GCF_023091745.1-RS_2023_02	Chromosome	2022-04-22	JAKGDW01	1362
NWIPB_Pralbi_1.0	GCA_046563475.2		Cervus albirostris	Cervus albirostris					WLD_BCL_ZDX	male		Chromosome	2025-01-08	JBEFZJ01	1972
ASM3987782v1	GCA_039877825.1		Muntiacus vaginalis	Muntiacus vaginalis					HNJ_1	female		Chromosome	2024-05-29	JBDIXW01	329
UCB_Mmun_1.0	GCA_008782695.1		Muntiacus muntjak	Muntiacus muntjak					UTSW_UCB_Mm	female	Annotation submitted by University of California, Berkeley	Chromosome	2019-10-07	VCEA01	25651
mRucEld1.hap2	GCA_054824845.1		Rucervus eldii thamin	Rucervus eldii					mRucEld1	female		Chromosome	2026-01-29	JBTVSE01	902
serow.2	GCA_032405125.2	GCF_032405125.1	Capricornis sumatraensis	Capricornis sumatraensis					serow.1	pooled male and female		Chromosome	2024-03-13	JAXIOT01	158
serow.2	GCF_032405125.1	GCA_032405125.2	Capricornis sumatraensis	Capricornis sumatraensis					serow.1	pooled male and female	GCF_032405125.1-RS_2024_10	Chromosome	2024-03-13	JAXIOT01	158
mCapNub1.hap1	GCA_054855995.1		Capra nubiana	Capra nubiana					mCapNub1	male		Chromosome	2026-01-30	JBTVNK01	226
TBG_Okapi_asm_v1	GCA_024291935.2		Okapia johnstoni	Okapia johnstoni					TBG_1119_Moyo	male		Chromosome	2022-07-16	JAGTYA01	3653
CapIbe1.0	GCA_054642885.1		Capra ibex	Capra ibex					Odissea	female	Annotation submitted by Istituto Italiano di Tecnologia	Chromosome	2026-01-07	JBIMMJ01	1037
CEY_v1	GCA_010411085.1		Cervus hanglu yarkandensis	Cervus hanglu					CEY-2017	male	Annotation submitted by Institute of Special Wild Economic Animals and Plants, Chinese Academy of Agricultural Sciences	Chromosome	2020-02-12	WMHW01	17927
ARS_Pied_mat1.0	GCA_946052875.1		Bos gaurus x Bos taurus	Bos gaurus x Bos taurus								Chromosome	2022-09-11	CAMGDQ01	996
mCepZeb1.hap1	GCA_054099735.1		Cephalophula zebra	Cephalophula zebra					mCepZeb1	female		Chromosome	2025-12-18	JBSLPA01	598
ASM2027666v1	GCA_020276665.1		Muntiacus crinifrons	Muntiacus crinifrons					NWPU-IOZ-01	female		Chromosome	2021-10-05	JAGTXS01	836
ASM1759144v1	GCA_017591445.1		Giraffa camelopardalis rothschildi	Giraffa camelopardalis						male		Chromosome	2021-03-30	JABCKX01	2096
ASM2237691v1	GCA_022376915.1	GCF_022376915.1	Moschus berezovskii	Moschus berezovskii				Sichuan	MB002			Scaffold	2022-02-23	JAIOJW01	2445
ASM2237691v1	GCF_022376915.1	GCA_022376915.1	Moschus berezovskii	Moschus berezovskii				Sichuan	MB002		GCF_022376915.1-RS_2023_04	Scaffold	2022-02-23	JAIOJW01	2445
Bison_UMD1.0	GCA_000754665.1	GCF_000754665.1	Bison bison bison	Bison bison					TAMUID 2011002044	male		Scaffold	2014-10-08	JPYT01	450181
Bison_UMD1.0	GCF_000754665.1	GCA_000754665.1	Bison bison bison	Bison bison					TAMUID 2011002044	male	NCBI Bison bison bison Annotation Release 100	Scaffold	2014-10-08	JPYT01	128430
ETH_BisBon1	GCA_963879515.1		Bison bonasus	Bison bonasus								Scaffold	2023-12-17	CAWOGG01	210
mAlcAlc2_p1.1	GCA_059051365.1		Alces alces	Alces alces					Moose01			Scaffold	2026-07-07	JBWVLP01	3848
ETH_CapCap1	GCA_951849835.1		Capreolus capreolus	Capreolus capreolus								Contig	2023-07-15	CATOUS01	212
O.moschatus_RAN27_v1.0	GCA_041156055.1		Ovibos moschatus	Ovibos moschatus					RAN-27	male	Annotation submitted by The Hospital for Sick Children	Scaffold	2024-08-09	JBFTXH01	221
miluL	GCA_021018665.1		Elaphurus davidianus	Elaphurus davidianus					milu-zoo-001	male		Scaffold	2021-12-01	JAJIZU01	46350
ASM5352537v1	GCA_053525375.1		Ovis vignei	Ovis vignei					RM-2025	male		Contig	2025-11-18	JBRERX01	1131
mAntAme2_p1.2	GCA_051176615.2		Antilocapra americana	Antilocapra americana		Pronghorn03						Scaffold	2026-04-30	JBPKRI02	645
ASM318261v2	GCA_003182615.2		Capra sibirica	Capra sibirica					CNS	male		Scaffold	2018-10-30	NIYN02	85609
ASM1292296v1	GCA_012922965.1		Capreolus pygargus	Capreolus pygargus					NDHX00028	male		Scaffold	2020-04-28	SNSB01	92048
MosMos_v2_BIUU_UCD	GCA_004024705.2		Moschus moschiferus	Moschus moschiferus					BS20			Scaffold	2019-07-15	PVHU02	1072499
synceruscaffer	GCA_902825105.1		Syncerus caffer	Syncerus caffer								Scaffold	2020-04-02	CADEAB01	3265
ASM402496v2	GCA_004024965.2		Tragulus javanicus	Tragulus javanicus					US108	male		Scaffold	2019-07-15	PVHZ02	1082489
ASM318257v1	GCA_003182575.1		Pseudois nayaur	Pseudois nayaur					QHXNZ	male		Scaffold	2018-05-31	NIZD01	214772
ORGONE_02	GCA_917880005.1		Nanger dama	Nanger dama								Scaffold	2021-11-18	CAKJTW01	1847
ASM5969876v1	GCA_059698765.1		Muntiacus feae	Muntiacus feae					K20-05002	male		Contig	2026-07-30	JAQQAB01	13004
SCBI_Odam_1.1	GCA_014754425.2	GCF_014754425.2	Oryx dammah	Oryx dammah					SB20612	male		Scaffold	2020-09-25	JABAEV01	9088
SCBI_Odam_1.1	GCF_014754425.2	GCA_014754425.2	Oryx dammah	Oryx dammah					SB20612	male	NCBI Oryx dammah Annotation Release 100	Scaffold	2020-09-25	JABAEV01	9088
ASM5043692v1	GCA_050436925.1		Pseudoryx nghetinhensis	Pseudoryx nghetinhensis					UCPH-9264	male		Scaffold	2025-05-19	JBNJRJ01	673
IMP	GCA_006408695.1		Aepyceros melampus	Aepyceros melampus					IMP-100			Scaffold	2019-06-24	SJXQ01	24102
BeaHun_v1_BIUU	GCA_004027495.1		Beatragus hunteri	Beatragus hunteri					BS46	female		Scaffold	2019-01-16	PVKQ01	535889
RusAlf_1.1	GCA_038501445.1		Rusa alfredi	Rusa alfredi					Abraham	male		Scaffold	2024-04-26	JBCEYX01	57916
MNHNYannick_LA_1	GCA_025584935.1		Bubalus depressicornis	Bubalus depressicornis					ANT3	male		Scaffold	2022-10-05	JAMXBS01	147450
PLG	GCA_006410515.1		Procapra przewalskii	Procapra przewalskii					PLG-pushi			Scaffold	2019-06-24	SJYF01	274130
ASM3850269v1	GCA_038502695.1		Capra falconeri	Capra falconeri					LEG3048_L3	male		Scaffold	2024-04-26	JAWPPH01	382444
SaiTat_v1_BIUU	GCA_004024985.1		Saiga tatarica	Saiga tatarica					BS49	male		Scaffold	2019-01-15	PVIK01	1772199
mTraEur1.1	GCA_935064755.1		Tragelaphus eurycerus	Tragelaphus eurycerus								Contig	2022-03-28	CAKXYN01	1863
Klec_v1.0	GCA_014926565.1		Kobus leche leche	Kobus leche					RL_v1.0	male		Scaffold	2020-10-23	JACEGT01	57712
SCBI_HNig_1.0	GCA_006942125.1		Hippotragus niger niger	Hippotragus niger					SB2152	male		Scaffold	2019-07-12	VHQK01	15557
ASM2237692v1	GCA_022376925.1		Tragulus kanchil	Tragulus kanchil					TJ002			Scaffold	2022-02-23	JAIOJX01	32
ASM2022602v1	GCA_020226025.1		Muntiacus gongshanensis	Muntiacus gongshanensis					NWPU-IOZ-03	female		Scaffold	2021-10-04	JAGTXU01	314
OvNiv1.0	GCA_903231385.1		Ovis nivicola lydekkeri	Ovis nivicola								Scaffold	2020-06-16	CAFBRR01	7157
TMG	GCA_006408755.1		Eudorcas thomsonii	Eudorcas thomsonii					TMG-4057			Scaffold	2019-06-24	SJYE01	123308
BWD	GCA_006408615.1		Connochaetes taurinus	Connochaetes taurinus					BWD-738			Scaffold	2019-06-24	SJXO01	78350
HemHyl_v1_BIUU	GCA_004026825.1		Nilgiritragus hylocrius	Nilgiritragus hylocrius					BS50	female		Scaffold	2019-01-16	PVJR01	469163
GRK	GCA_006410535.1		Litocranius walleri	Litocranius walleri					GRK-570			Scaffold	2019-06-24	SJYG01	79667
HVD	GCA_006410635.1		Cephalophus harveyi	Cephalophus harveyi					HVD-549			Scaffold	2019-06-24	SJYT01	85160
SUN	GCA_006410615.1		Neotragus moschatus	Neotragus moschatus					SUN-559			Scaffold	2019-06-24	SJYA01	218204
SGB	GCA_006408585.1		Antidorcas marsupialis	Antidorcas marsupialis					SGB-9149			Scaffold	2019-06-24	SJYB01	94522
KSP	GCA_006410675.1		Oreotragus oreotragus	Oreotragus oreotragus					KSP-560			Scaffold	2019-06-24	SJYX01	24892
BHR	GCA_006410935.1		Redunca redunca	Redunca redunca					BHR-557			Scaffold	2019-06-24	SJYQ01	534502
CTB	GCA_006408505.1		Damaliscus lunatus	Damaliscus lunatus					CTB-792			Scaffold	2019-06-24	SJXP01	92109
GTK	GCA_006410795.1		Tragelaphus strepsiceros	Tragelaphus strepsiceros					GTK-544			Scaffold	2019-06-24	SJYU01	320432
RAL	GCA_006410875.1		Neotragus pygmaeus	Neotragus pygmaeus					RAL-4837			Scaffold	2019-06-24	SJYV01	354089
BUB	GCA_006410495.1		Tragelaphus scriptus	Tragelaphus scriptus					BUB-555			Scaffold	2019-06-24	SJXY01	237860
KDD	GCA_006408675.1		Madoqua kirkii	Madoqua kirkii					KDD-541			Scaffold	2019-06-24	SJYC01	216116
DFW	GCA_006410655.1		Kobus ellipsiprymnus	Kobus ellipsiprymnus					DFW-375			Scaffold	2019-06-24	SJYR01	88848
SNB	GCA_006410735.1		Raphicerus campestris	Raphicerus campestris					SNB-1993			Scaffold	2019-06-24	SJYW01	57517
ASM975805v1	GCA_009758055.1		Oreamnos americanus	Oreamnos americanus					splAK2016	female		Scaffold	2019-12-16	WJNR01	3212
UCDavis_Ogaz_1	GCA_003945745.1		Oryx gazella	Oryx gazella					OR4864	female		Scaffold	2018-12-14	RAWW01	31177
LEK	GCA_006410775.1		Tragelaphus imberbis	Tragelaphus imberbis					LEK-543			Scaffold	2019-06-24	SJYM01	272415
MXD	GCA_006410695.1		Philantomba maxwellii	Philantomba maxwellii					MXD-5126			Scaffold	2019-06-24	SJYS01	25633
CMD	GCA_006408735.1		Sylvicapra grimmia	Sylvicapra grimmia					CMD-5126			Scaffold	2019-06-24	SJYH01	22324
GTG	GCA_006408635.1		Nanger granti	Nanger granti					GTG-3714			Scaffold	2019-06-24	SJYD01	62189
NPU_MCHR_1.0	GCA_006461725.1		Moschus chrysogaster	Moschus chrysogaster					WD2015			Scaffold	2019-06-25	SPDY01	127198
MTN	GCA_006411685.1		Tragelaphus buxtoni	Tragelaphus buxtoni					MTN-9119			Scaffold	2019-06-24	SJYJ01	2910462
CME	GCA_006416875.1		Tragelaphus oryx	Tragelaphus oryx					CME-1477			Scaffold	2019-06-24	SJYK01	4043025
ORB	GCA_006417275.1		Ourebia ourebi	Ourebia ourebi					ORB-4223			Scaffold	2019-06-24	SJXZ01	3508661
HBT	GCA_006408545.1		Alcelaphus buselaphus	Alcelaphus buselaphus					HBT-best			Scaffold	2019-06-24	SJXN01	539659
ASM5933614v1	GCA_059336145.1		Bos taurus	Bos taurus	Xieka cattle					female		Complete Genome	2026-07-13	JBXFYI01	30
NLFDP_OvArieNajdiFemle_T2T_1.0	GCA_057332215.1		Ovis aries	Ovis aries	Najdi sheep				Najdi1271-Female	female		Complete Genome	2026-05-07	JBXADF01	27
T2T-sheep1.0	GCA_040805955.1		Ovis aries	Ovis aries	hu sheep				hu3095	male	Annotation submitted by China Agricultural University	Complete Genome	2024-07-22		28
NLFDP_OvArieNajdiMale_T2T_1.0	GCA_057332225.1		Ovis aries	Ovis aries	Najdi sheep				Najdi1268-Male	male		Complete Genome	2026-05-07	JBXADG01	28
T2T-goat1.0	GCA_040806595.1		Capra hircus	Capra hircus	Inner Mongolia cashmere goat					male	Annotation submitted by China Agricultural University	Complete Genome	2024-07-22		31
T2T-goat2.0	GCA_041735815.1		Capra hircus	Capra hircus	Inner Mongolia cashmere goat					male	GCA_041735815.1-GB_2026_05_13	Complete Genome	2024-09-04		31
T2T-mGirTip1v1.2.pat	GCA_054371615.1		Giraffa tippelskirchi	Giraffa tippelskirchi					mGirTip1	male		Complete Genome	2026-01-06	JBRKMB01	15
Guyuan_Btau_1.0	GCA_051106085.1		Bos taurus	Bos taurus	Guyuan cattle				GY063	male		Chromosome	2025-06-26	JBKSDG01	30
T2T-sheep1.0M	GCA_041121725.1		Ovis aries	Ovis aries	Hu sheep				HU3095-Mother	female	Annotation submitted by China Agricultural University	Chromosome	2024-07-24		27
T2T-goat2.0M	GCA_040970035.1		Capra hircus	Capra hircus	Inner Mongolia cashmere goat					male		Chromosome	2024-07-31		30
T2T-goat1.0M	GCA_041736475.1		Capra hircus	Capra hircus	Inner Mongolia cashmere goat					male	Annotation submitted by China Agricultural University	Chromosome	2024-09-04		30
ASM4082201v1	GCA_040822015.1		Capra hircus	Capra hircus	Inner Mongolia Cashmere goat				AEBS_806099	male		Chromosome	2024-07-23		31
ASM296843v1	GCA_002968435.1		Bos mutus	Bos mutus					yakQH1	female		Chromosome	2018-03-05		30
CAU_F1_paternal_1.0	GCA_023701655.1		Ovis ammon polii x Ovis aries	Ovis ammon polii x Ovis aries					F1 hybrid	male	Annotation submitted by China Agricultural University	Chromosome	2022-06-10	JALAIX01	28
T2T-mGirTip1v1.2.alt	GCA_054371575.1		Giraffa tippelskirchi	Giraffa tippelskirchi					mGirTip1	male		Chromosome	2026-01-06	JBRKMD01	14
T2T-mGirTip1v1.2.mat	GCA_054371825.1		Giraffa tippelskirchi	Giraffa tippelskirchi					mGirTip1	male		Chromosome	2026-01-06	JBRKMA01	15
UOA_Wagyu_1	GCA_040286185.1		Bos taurus	Bos taurus	Wagyu				3DWFS0412	female		Chromosome	2024-06-25	JBEFCR01	401
ASM4388211v1	GCA_043882115.1		Bos taurus	Bos taurus	Mongolian cattle				80415	male		Chromosome	2024-10-28	JBFSJU01	46
ASM4765221v1	GCA_047652215.1		Bos taurus	Bos taurus	Tibetan					male		Chromosome	2025-02-11	JAMZRG01	59
UOA_Tuli_1	GCA_040285425.1		Bos taurus	Bos taurus	Tuli				MAZUNGA	male		Chromosome	2024-06-25	JBEFCS01	878
NRF	GCA_963921495.1		Bos taurus	Bos taurus								Chromosome	2024-06-26	CAWUFT01	715
NR2025_2P	GCA_977970235.1		Bos taurus	Bos taurus								Chromosome	2025-12-20	CDWWTE01	1171
YB_JAAS	GCA_051122635.1		Bos taurus	Bos taurus	Yanbian cattle					male		Chromosome	2025-06-27	JBPCCZ01	79
CRS_JAAS	GCA_059997585.1		Bos taurus	Bos taurus	Chinese red steppe cattle				WF-2026a	male		Chromosome	2026-08-11	JCBPQG01	351
NR2025_3P	GCA_977927255.1		Bos taurus	Bos taurus								Chromosome	2025-12-17	CDWRBM01	1172
seqoccin.Bt.char.v1.0	GCA_947034695.1		Bos taurus	Bos taurus		mammals						Chromosome	2022-10-29	CAMQPY01	1391
NR2025_1P	GCA_977927265.1		Bos taurus	Bos taurus								Chromosome	2025-12-17	CDWRBK01	610
NR2025_1M	GCA_977927225.1		Bos taurus	Bos taurus								Chromosome	2025-12-17	CDWRBO01	568
NR2025_3M	GCA_977927285.1		Bos taurus	Bos taurus								Chromosome	2025-12-17	CDWRBN01	723
NR2025_2M	GCA_977927245.1		Bos taurus	Bos taurus								Chromosome	2025-12-17	CDWRBL01	626
SNU_Hanwoo_2.0	GCA_028973685.2		Bos taurus	Bos taurus	Hanwoo				HWB-2050	male		Chromosome	2023-09-22	JARDUZ02	1598
ARS-LIC_NZ_Jersey	GCA_021234555.1		Bos taurus	Bos taurus	Jersey				LICJ1	male		Chromosome	2021-12-20	JAJQWI01	228
ASM3988117v1	GCA_039881175.1		Bos taurus	Bos taurus	Mongolian				NMG016	male		Chromosome	2024-05-29	JAMBMV01	391
YAU_Btau_1.0	GCA_034097375.1		Bos taurus	Bos taurus	Yunling cattle				YAU-DSJ-ZCW-2023a	male		Chromosome	2023-12-05	JAWKDW01	826
ROSLIN_BTI_ANK1	GCA_905123885.1		Bos taurus	Bos taurus								Chromosome	2022-02-18	CAJHOP01	7580
ROSLIN_BTT_NDA1	GCA_905123515.1		Bos taurus	Bos taurus								Chromosome	2022-02-18	CAJHOO01	1209
ARS-LIC_NZ_Holstein-Friesian_1	GCA_021347905.1		Bos taurus	Bos taurus	Holstein-Friesian				LICNZHF1	male		Chromosome	2022-01-11	JAJQWL01	2305
ASM3343944v1	GCA_033439445.1		Ovis aries	Ovis aries	East Friesian sheep				LY-2023	female		Chromosome	2023-11-09	JAWMPZ01	190
ASM2241691v1	GCA_022416915.1		Ovis aries	Ovis aries	Polled Dorset sheep				DOR1	female		Chromosome	2022-03-10	JAKJQM01	1242
NWAFU_Friesian_1.0	GCA_018804185.1		Ovis aries	Ovis aries	East Friesian				EastFriesian_391	male		Chromosome	2021-06-09	JAGTAQ01	937
ASM4054305v1	GCA_040543055.1		Ovis aries	Ovis aries	Awassi					female		Chromosome	2024-07-08	JBDLWQ01	190
ASM2243283v1	GCA_022432835.1		Ovis aries	Ovis aries	Kermani sheep				KER1	male		Chromosome	2022-03-10	JAKJQN01	1545
ASM2241675v1	GCA_022416755.1		Ovis aries	Ovis aries	Ujimqin sheep				UJQ1	female		Chromosome	2022-03-10	JAKJQI01	1440
ASM2241668v1	GCA_022416685.1		Ovis aries	Ovis aries	Qiaoke sheep				QK1	female		Chromosome	2022-03-10	JAKJQF01	1562
CAU_O.aries_1.0	GCA_017524585.1		Ovis aries	Ovis aries	Tibetan sheep					female	Annotation submitted by China Agricultural University	Chromosome	2021-03-24	JAEMGP01	58
ASM2422226v1	GCA_024222265.1		Ovis aries	Ovis aries	Waggir sheep				WAG1	female		Chromosome	2022-07-13	JAMHGE01	772
ASM2243284v1	GCA_022432845.1		Ovis aries	Ovis aries	Kazak sheep				KAZ1	female		Chromosome	2022-03-10	JAKJQP01	1765
ASM1914517v1	GCA_019145175.1		Ovis aries	Ovis aries	Dorper					male		Chromosome	2021-07-08	JAGTXJ01	60
ASM2241678v1	GCA_022416785.1		Ovis aries	Ovis aries	Yunnan sheep				YUN1	female		Chromosome	2022-03-10	JAKJQK01	1295
ASM5091668v1	GCA_050916685.1		Ovis aries	Ovis aries	Butuo black sheep				BY554-001P0001	female		Chromosome	2025-06-13	JBPCZR01	3599
ASM2253800v1	GCA_022538005.1		Ovis aries	Ovis aries	Romney sheep				ROM1	female		Chromosome	2022-03-10	JAKJQG01	1455
ASM2241674v1	GCA_022416745.1		Ovis aries	Ovis aries	Charollais sheep				CHA1	female		Chromosome	2022-03-10	JAKJQJ01	1324
ASM2241672v1	GCA_022416725.1		Ovis aries	Ovis aries	Suffolk sheep				SFK1	female		Chromosome	2022-03-10	JAKJQH01	1409
Oar_ARS-UKY_Romanov_v1.0	GCA_022244705.1		Ovis aries	Ovis aries	Romanov x White Dorper					male		Chromosome	2022-02-24	JAHUUQ01	432
Oar_ARS-UKY_WhiteDorper_v1.0	GCA_022244695.1		Ovis aries	Ovis aries	Romanov x White Dorper					male		Chromosome	2022-02-24	JAHUUR01	1104
ASM2243282v1	GCA_022432825.1		Ovis aries	Ovis aries	Chinese Merino sheep				MER1	female		Chromosome	2022-03-10	JAKJQO01	1643
ASM2241677v1	GCA_022416775.1		Ovis aries	Ovis aries	Texel sheep				TEX1	female		Chromosome	2022-03-10	JAKJQL01	1662
ASM2422217v1	GCA_024222175.1		Ovis aries	Ovis aries	Romanov sheep				Rmnv1	female		Chromosome	2022-07-13	JAMFTK01	1056
ASM4025935v1	GCA_040259355.1		Ovis aries	Ovis aries	Guide black fur sheep				GD	male		Chromosome	2024-06-21	JBEJUG01	726
ASM2241669v1	GCA_022416695.1		Ovis aries	Ovis aries	White Dorper sheep				WDU1	female		Chromosome	2022-03-10	JAKJQE01	1716
ASM1117029v1	GCA_011170295.1		Ovis aries	Ovis aries	Hu sheep				Hu2020	male		Chromosome	2020-03-11	JAAFGP01	1015
Saanen maternal haplotype	GCA_057428545.1		Capra hircus	Capra hircus	Kiko x Saanen					female		Chromosome	2026-05-11	JBXXJG01	36
Kiko paternal haplotype	GCA_057428595.1		Capra hircus	Capra hircus	Kiko x Saanen					female		Chromosome	2026-05-11	JBXXJH01	33
ASM4646407v1	GCA_046464075.1		Capra hircus	Capra hircus	Tibetan Goat				Tibetan	female		Chromosome	2025-01-03	JBJNUV01	90
ASM4767163v1	GCA_047671635.1		Capra hircus	Capra hircus	Hainan black Goat				HNBG	female		Chromosome	2025-02-12	JBLKYB01	149
ASM4900445v1	GCA_049004455.1		Capra hircus	Capra hircus	Tibetan Goat				Tibetan	female		Chromosome	2025-03-26	JBKFXV01	131
ASM4900440v1	GCA_049004405.1		Capra hircus	Capra hircus	Tibetan Goat				Tibetan	female		Chromosome	2025-03-26	JBKFXW01	87
ASM4450921v1	GCA_044509215.1		Capra hircus	Capra hircus	Shanbei Cashmere Goat				SBWCG	female		Chromosome	2024-11-06	JBGRUL01	227
ASM5905555v1	GCA_059055555.1		Capra hircus	Capra hircus	Korean native black goat				KNBG_D_M	male		Chromosome	2026-07-07	JBXEOD01	580
ASM5905562v1	GCA_059055625.1		Capra hircus	Capra hircus	Korean native black goat				KNBG_D_M	male		Chromosome	2026-07-07	JBXEOE01	162
ASM5755763v1	GCA_057557635.1		Capra hircus	Capra hircus	Korean native black goat				KNBG_T_M	male		Chromosome	2026-05-15	JBXEOG01	161
ASM5755644v1	GCA_057556445.1		Capra hircus	Capra hircus	Korean native black goat				KNBG_T_M	male		Chromosome	2026-05-15	JBXEOF01	412
ASM4458801v1	GCA_044588015.1		Capra hircus	Capra hircus	Guanzhong Milk Goat				GZMG	female		Chromosome	2024-11-07	JBFPJK01	366
ASM4458793v1	GCA_044587935.1		Capra hircus	Capra hircus	Nubian Goat				NUBIAN	female		Chromosome	2024-11-07	JBFPJL01	922
ASM4458794v1	GCA_044587945.1		Capra hircus	Capra hircus	ALPINE Milk Goat				ALPINE	female		Chromosome	2024-11-07	JBFPJJ01	204
ASM4900467v1	GCA_049004675.1		Capra hircus	Capra hircus	Shannan White Goat				SBWCG	female		Chromosome	2025-03-26	JBKFXZ01	346
ASM4900459v1	GCA_049004595.1		Capra hircus	Capra hircus	Shannan White Goat				SBWCG	female		Chromosome	2025-03-26	JBKFYA01	300
Saanen_v1	GCA_015443085.1		Capra hircus	Capra hircus	Saanen Dairy Goat					male		Chromosome	2020-11-16	JACWUT01	1362
ASM4859405v1	GCA_048594055.1		Capra hircus	Capra hircus	Hainan black Goat				HNBG	female		Chromosome	2025-03-17	JBKFYB01	216
ASM2665220v1	GCA_026652205.1		Capra hircus	Capra hircus	Xinong Saanen Dairy goat					male	Annotation submitted by Northwest A&F University	Chromosome	2022-12-05	JAIWQT01	94
ASM4283598v1	GCA_042835985.1		Capra hircus	Capra hircus	Xinong Saanen Dairy goat				YW-2024a	male		Chromosome	2024-10-09	JBBJUA01	51
ASM4859397v1	GCA_048593975.1		Capra hircus	Capra hircus	Hainan black Goat				HNBG	female		Chromosome	2025-03-17	JBKFYC01	173
ASM4458790v1	GCA_044587905.1		Capra hircus	Capra hircus	BOER Goat				BOER	female		Chromosome	2024-11-07	JBFPJM01	522
ASM4767165v1	GCA_047671655.1		Capra hircus	Capra hircus	Shannan White Goat				SNWG	female		Chromosome	2025-02-12	JBLKYA01	1488
ASM4859882v1	GCA_048598825.1		Capra hircus	Capra hircus	ALPINE Milk Goat				ALPINE	female		Chromosome	2025-03-18	JBKFYK01	198
ASM4859806v1	GCA_048598065.1		Capra hircus	Capra hircus	ALPINE Milk Goat				ALPINE	female		Chromosome	2025-03-18	JBKFYJ01	237
ASM4859802v1	GCA_048598025.1		Capra hircus	Capra hircus	Guanzhong Milk Goat				GZMG	female		Chromosome	2025-03-18	JBKFYI01	521
ASM4859805v1	GCA_048598055.1		Capra hircus	Capra hircus	Guanzhong Milk Goat				GZMG	female		Chromosome	2025-03-18	JBKFYH01	619
ASM4859406v1	GCA_048594065.1		Capra hircus	Capra hircus	Nubian Goat				NUBIAN	female		Chromosome	2025-03-17	JBKFYE01	1425
ASM4859413v1	GCA_048594135.1		Capra hircus	Capra hircus	Nubian Goat				NUBIAN	female		Chromosome	2025-03-17	JBKFYD01	1513
ASM4900449v1	GCA_049004495.1		Capra hircus	Capra hircus	BOER Goat				BOER	female		Chromosome	2025-03-26	JBKFXY01	645
ASM4900453v1	GCA_049004535.1		Capra hircus	Capra hircus	BOER Goat				BOER	female		Chromosome	2025-03-26	JBKFXX01	737
ASM4859416v1	GCA_048594165.1		Capra hircus	Capra hircus	Shannan White Goat				SNWG	female		Chromosome	2025-03-17	JBKFYF01	2349
ASM4859412v1	GCA_048594125.1		Capra hircus	Capra hircus	Shannan White Goat				SNWG	female		Chromosome	2025-03-17	JBKFYG01	1183
CHIR_2.0	GCA_000317765.2		Capra hircus	Capra hircus	Yunnan black goat					female		Chromosome	2015-09-16	AJPT02	103494
CVASU_BBG_1.0	GCA_004361675.1		Capra hircus	Capra hircus	Black Bengal goat			Bengal		male		Chromosome	2019-03-22	SMSF01	3972
ASM3026950v1	GCA_030269505.1		Bos indicus	Bos indicus	Jinjiang cattle					female		Chromosome	2023-06-15	JAKQXT01	104
ASM3027223v1	GCA_030272235.1		Bos indicus	Bos indicus	Dabieshan cattle					female		Chromosome	2023-06-15	JAKQXV01	68
ASM3027213v1	GCA_030272135.1		Bos indicus	Bos indicus	Lincanggaofeng cattle					female		Chromosome	2023-06-15	JAKQXR01	43
ASM3026737v1	GCA_030267375.1		Bos indicus	Bos indicus	Yiling cattle					female		Chromosome	2023-06-15	JAKQXO01	92
ASM3027179v1	GCA_030271795.1		Bos indicus	Bos indicus	Wenshangaofeng cattle					female		Chromosome	2023-06-15	JAKQXP01	45
ASM3026981v1	GCA_030269815.1		Bos indicus	Bos indicus	Leiqiong cattle					female		Chromosome	2023-06-15	JAKQXS01	59
ASM3988116v1	GCA_039881165.1		Bos indicus	Bos indicus	Hainan				HN024	male		Chromosome	2024-05-29	JAMBMU01	292
ASM3027180v1	GCA_030271805.1		Bos indicus	Bos indicus	Weizhou cattle					female		Chromosome	2023-06-15	JAKQXQ01	67
ASM3026735v1	GCA_030267355.1		Bos indicus	Bos indicus	Xiangxi cattle					female		Chromosome	2023-06-15	JAKQXN01	48
NIAB-ARS_B.indSahiwal_pat_alt_1.0	GCA_029378735.1		Bos indicus	Bos indicus	Sahiwal x Tharparkar				NIAB-ARS_2022	female		Chromosome	2023-03-24	JAPFII01	81
ASM3026734v1	GCA_030267345.1		Bos indicus	Bos indicus	Weining cattle					female		Chromosome	2023-06-15	JAKQXM01	64
ASM3027071v1	GCA_030270715.1		Bos indicus	Bos indicus	Guanling cattle					female		Chromosome	2023-06-15	JAJUAH01	52
ASM3027068v1	GCA_030270685.1		Bos indicus	Bos indicus	Dabieshan cattle					female		Chromosome	2023-06-15	JAJUAE01	47
ASM3027080v1	GCA_030270805.1		Bos indicus	Bos indicus	Guanling cattle					female		Chromosome	2023-06-15	JAJUAI01	42
ASM3027070v1	GCA_030270705.1		Bos indicus	Bos indicus	Jinjiang cattle					female		Chromosome	2023-06-15	JAJUAF01	69
ASM3027072v1	GCA_030270725.1		Bos indicus	Bos indicus	Jinjiang cattle					female		Chromosome	2023-06-15	JAJUAG01	60
ASM3027247v1	GCA_030272475.1		Bos indicus	Bos indicus	Dabieshan cattle					female		Chromosome	2023-06-15	JAJUAD01	48
ASM3027082v1	GCA_030270825.1		Bos indicus	Bos indicus	Wenshangaofeng cattle					female		Chromosome	2023-06-15	JAJUAP01	34
ASM3027093v1	GCA_030270935.1		Bos indicus	Bos indicus	Yiling cattle					female		Chromosome	2023-06-15	JAJUAV01	45
ASM2626246v1	GCA_026262465.1		Bos indicus	Bos indicus	Leiqiong cattle					female		Chromosome	2022-11-23	JAJUAJ01	40
ASM3027086v1	GCA_030270865.1		Bos indicus	Bos indicus	Wenshangaofeng cattle					female		Chromosome	2023-06-15	JAJUAQ01	35
ASM2626254v1	GCA_026262545.1		Bos indicus	Bos indicus	Lincanggaofeng cattle					female		Chromosome	2022-11-23	JAJUAL01	44
ASM2626251v1	GCA_026262515.1		Bos indicus	Bos indicus	Lincanggaofeng cattle					female		Chromosome	2022-11-23	JAJUAM01	35
ASM2626237v1	GCA_026262375.1		Bos indicus	Bos indicus	Leiqiong cattle					female		Chromosome	2022-11-23	JAJUAK01	40
ASM3027099v1	GCA_030270995.1		Bos indicus	Bos indicus	Yiling cattle					female		Chromosome	2023-06-15	JAJUAW01	48
ASM3027084v1	GCA_030270845.1		Bos indicus	Bos indicus	Xiangxi cattle					female		Chromosome	2023-06-15	JAJUAS01	34
ASM3027085v1	GCA_030270855.1		Bos indicus	Bos indicus	Xiangxi cattle					female		Chromosome	2023-06-15	JAJUAR01	33
ASM3027250v1	GCA_030272505.1		Bos indicus	Bos indicus	Weizhou cattle					female		Chromosome	2023-06-15	JAJUAO01	39
ASM3027249v1	GCA_030272495.1		Bos indicus	Bos indicus	Weizhou cattle					female		Chromosome	2023-06-15	JAJUAN01	42
ASM3027095v1	GCA_030270955.1		Bos indicus	Bos indicus	Weining cattle					female		Chromosome	2023-06-15	JAJUAT01	50
ASM3027094v1	GCA_030270945.1		Bos indicus	Bos indicus	Weining cattle					female		Chromosome	2023-06-15	JAJUAU01	42
NRCY_Bgru_v1	GCA_050059765.1		Bos grunniens	Bos grunniens	Arunachali					female		Chromosome	2025-05-01	JBHMQP01	62
NWIPB_DYAK_1.0	GCA_027580245.1		Bos grunniens	Bos grunniens					GX_2022a	male		Chromosome	2023-01-09	JANCMS01	1313
BosGru3.1	GCA_005887515.3		Bos grunniens	Bos grunniens				maiwa	yakHY00	male		Chromosome	2019-06-10	VBZB01	343
NW_MosBer_1.0	GCA_049115385.1		Moschus berezovskii	Moschus berezovskii					FMDL1	male		Chromosome	2025-03-28	JBLYBT01	33
NPU_CNip_2	GCA_038088365.1		Cervus nippon	Cervus nippon	shuangyang					male		Chromosome	2024-04-17	JBBMHO01	7559
ASM3419567v1	GCA_034195675.1		Cervus nippon	Cervus nippon				Changchun, China	MLH-2022	male		Chromosome	2023-12-07	JAOBNA01	1889
ASM5232475v1	GCA_052324755.1		Cervus nippon kopschi	Cervus nippon					QY-2025	male		Chromosome	2025-08-28	JBQHDI01	260
AU_CerNipYes_1.0	GCA_054829135.1		Cervus nippon yesoensis	Cervus nippon					JP_HOKNOK_M01	male		Chromosome	2026-01-29	JBTNMK01	1741
UOA_Brahman_1	GCA_003369695.2	GCF_003369695.1	Bos indicus x Bos taurus	Bos indicus x Bos taurus	Angus x Brahman F1 hybrid					male		Chromosome	2018-11-30	PUFS02	1250
UOA_Brahman_1	GCF_003369695.1	GCA_003369695.2	Bos indicus x Bos taurus	Bos indicus x Bos taurus	Angus x Brahman F1 hybrid					male	NCBI Bos indicus x Bos taurus Annotation Release 100	Chromosome	2018-11-30	PUFS02	1250
ULRtarCaribou_2v2	GCA_019903745.2		Rangifer tarandus caribou	Rangifer tarandus				boreal	CA-31	female		Chromosome	2023-04-17	JAHWTM02	12263
mRanTar1.2.h2	GCA_951394145.2		Rangifer tarandus platyrhynchus	Rangifer tarandus							Annotation submitted by ELIXIR Norway	Chromosome	2025-03-21	CATOBB02	1213
Rangifer_t_t_557	GCA_965153185.1		Rangifer tarandus tarandus	Rangifer tarandus								Chromosome	2026-01-07	CBCUDT01	894
mCerEla1.hap2.2	GCA_910593805.2		Cervus elaphus	Cervus elaphus								Chromosome	2026-02-10	CAJVBA02	500
ASM2022604v1	GCA_020226045.1		Muntiacus reevesi	Muntiacus reevesi					NWPU-IOZ-04	male		Chromosome	2021-10-05	JAGTXV01	460
UCB_Mree_1.1	GCA_008787405.2		Muntiacus reevesi	Muntiacus reevesi					UCam_UCB_Mr	male	Annotation submitted by University of California, Berkeley	Chromosome	2019-10-07	VCEB01	29705
CerEla1.0	GCA_002197005.1		Cervus elaphus hippelaphus	Cervus elaphus					Hungarian	male	Annotation submitted by National Agricultural Research and Innovation Centre	Chromosome	2017-06-19	MKHE01	11479
NIPB_Tibetan_argali_1.0	GCA_045269445.1		Ovis ammon	Ovis ammon					HDX-2024	male		Chromosome	2024-11-25	JBIQQL01	96
BBCv1.0	GCA_051307275.1		Bubalus kerabau	Bubalus kerabau	Xilin				Swamp_XL001	female		Chromosome	2025-07-14	WWNQ01	1472
ARS_UNL_Btau-highland_paternal_1.0_alt	GCA_009493655.1		Bos grunniens x Bos taurus	Bos grunniens x Bos taurus					Esperanza	female		Chromosome	2019-11-04	VLPJ01	342
mAxiPor1.hap2	GCA_054883225.1		Axis porcinus	Axis porcinus					mAxiPor1	male		Chromosome	2026-01-30	JBTXHP01	1968
DamDam1_v1.mat	GCA_048126745.1		Dama dama	Dama dama					SK-2024	male	GCA_048126745.1-GB_2025_08_13	Chromosome	2025-02-27	JBLUUJ01	1303
DamDam1_v1.pat	GCA_048127045.1		Dama dama	Dama dama					SK-2024	male		Chromosome	2025-02-27	JBLUUI01	310
mRucEld1.hap1	GCA_054824865.1		Rucervus eldii thamin	Rucervus eldii					mRucEld1	female		Chromosome	2026-01-29	JBTVSD01	3421
mCapNub1.hap2	GCA_054856215.1		Capra nubiana	Capra nubiana					mCapNub1	male		Chromosome	2026-01-30	JBTVNL01	554
ASM2022607v1	GCA_020226075.1		Hydropotes inermis	Hydropotes inermis					NWPU-IOZ-05	female		Chromosome	2021-10-05	JAGTXW01	1712
ASM1349639v1	GCA_013496395.1		Giraffa tippelskirchi	Giraffa tippelskirchi					OR1865	male		Chromosome	2020-07-24	RAWU01	75681
ASM4043811v1	GCA_040438115.1		Tragelaphus eurycerus isaaci	Tragelaphus eurycerus					Barney_WCC	male		Chromosome	2024-07-02	JBBXMO01	34537
mCepZeb1.hap2	GCA_054099755.1		Cephalophula zebra	Cephalophula zebra					mCepZeb1	female		Chromosome	2025-12-18	JBSLPB01	677
ASM2022605v1	GCA_020226055.1		Muntiacus crinifrons	Muntiacus crinifrons					NWPU-IOZ-02	male		Chromosome	2021-10-05	JAGTXT01	5860
LAG_1.0	GCA_057190615.1		Bos taurus	Bos taurus	Lagune					male		Scaffold	2026-05-04	JBNBOP01	291
ASM5616299v1	GCA_056162995.1		Bos taurus	Bos taurus	Taiwan Wagyu				K26101	male		Contig	2026-03-20	JBUZMI01	388
ASM4963456v1	GCA_049634565.1		Bos taurus	Bos taurus	Hanwoo				JK-2025c	male		Contig	2025-04-15	JBMUHV01	456
ASM4963444v1	GCA_049634445.1		Bos taurus	Bos taurus	Hanwoo				JK-2025a	male		Contig	2025-04-15	JBMUHS01	665
ASM4963454v1	GCA_049634545.1		Bos taurus	Bos taurus	Hanwoo				JK-2025a	male		Contig	2025-04-15	JBMUHR01	756
ASM4963467v1	GCA_049634675.1		Bos taurus	Bos taurus	Hanwoo				JK-2025c	male		Contig	2025-04-15	JBMUHW01	610
seqoccin.Go.SAMEA114604488_hap1	GCA_976986635.2		Bos taurus	Bos taurus		mammals						Contig	2026-02-26	CDRKBV02	1184
ASM4963471v1	GCA_049634715.1		Bos taurus	Bos taurus	Hanwoo				JK-2025b	male		Contig	2025-04-15	JBMUHT01	641
ASM4963450v1	GCA_049634505.1		Bos taurus	Bos taurus	Hanwoo				JK-2025b	male		Contig	2025-04-15	JBMUHU01	974
seqoccin.Go.SAMEA114604485_hap2	GCA_976986625.1		Bos taurus	Bos taurus		mammals						Contig	2025-10-28	CDRKBU01	2119
ASM5482513v1	GCA_054825135.1		Bos taurus	Bos taurus	Drakensberger				UNI_ABP_6_DC_P_24			Scaffold	2026-01-29	JBSIPU01	173
seqoccin.Go.SAMEA114604485_hap1	GCA_976986615.1		Bos taurus	Bos taurus		mammals						Contig	2025-10-27	CDRKBT01	1507
seqoccin.Bt.SAMEA117655775.scaffold	GCA_965177565.2		Bos taurus	Bos taurus		mammals						Scaffold	2025-10-27	CBCXSG02	3554
seqoccin.Bt.SAMEA117655742.scaffold	GCA_965154335.2		Bos taurus	Bos taurus		mammals						Scaffold	2025-10-27	CBCUIG02	1825
seqoccin.Bt.SAMEA117655754.scaffold	GCA_965177495.2		Bos taurus	Bos taurus		mammals						Scaffold	2025-10-28	CBCXRJ02	3140
seqoccin.Bt.SAMEA117655791.scaffold	GCA_965153975.2		Bos taurus	Bos taurus		mammals						Scaffold	2025-10-27	CBCUGE02	2975
seqoccin.Bt.SAMEA117655837.scaffold	GCA_965154105.2		Bos taurus	Bos taurus		mammals						Scaffold	2025-10-27	CBCUHD02	2382
seqoccin.Bt.char.SAMEA114541726.v1.0	GCA_963920245.1		Bos taurus	Bos taurus		mammals						Scaffold	2023-12-22	CAWUBD01	3249
seqoccin.Bt.SAMEA117655711.scaffold	GCA_965154285.2		Bos taurus	Bos taurus		mammals						Scaffold	2025-10-27	CBCUHW02	3139
seqoccin.Bt.SAMEA117655838.scaffold	GCA_965154095.2		Bos taurus	Bos taurus		mammals						Scaffold	2025-10-27	CBCUHF02	2453
seqoccin.Bt.SAMEA117655831.scaffold	GCA_965153745.2		Bos taurus	Bos taurus		mammals						Scaffold	2025-10-28	CBCUFU02	3411
seqoccin.Bt.SAMEA117655787.scaffold	GCA_965153735.2		Bos taurus	Bos taurus		mammals						Scaffold	2025-10-28	CBCUGG02	5190
seqoccin.Bt.SAMEA117655813.scaffold	GCA_965177395.2		Bos taurus	Bos taurus		mammals						Scaffold	2025-10-27	CBCXRR02	3211
seqoccin.Bt.SAMEA117655842.scaffold	GCA_965154065.2		Bos taurus	Bos taurus		mammals						Scaffold	2025-10-27	CBCUHB02	3073
seqoccin.Bt.SAMEA117655835.scaffold	GCA_965154075.2		Bos taurus	Bos taurus		mammals						Scaffold	2025-10-27	CBCUHC02	3327
seqoccin.Bt.SAMEA117655710.scaffold	GCA_965153675.2		Bos taurus	Bos taurus		mammals						Scaffold	2025-10-27	CBCUFH02	3575
seqoccin.Bt.SAMEA117655789.scaffold	GCA_965153965.2		Bos taurus	Bos taurus		mammals						Scaffold	2025-10-28	CBCUGF02	5126
seqoccin.Bt.SAMEA117655779.scaffold	GCA_965153945.2		Bos taurus	Bos taurus		mammals						Scaffold	2025-10-27	CBCUGD02	3460
seqoccin.Bt.SAMEA117655810.scaffold	GCA_965153815.2		Bos taurus	Bos taurus		mammals						Scaffold	2025-10-28	CBCUGB02	5419
seqoccin.Bt.SAMEA117655833.scaffold	GCA_965154045.2		Bos taurus	Bos taurus		mammals						Scaffold	2025-10-27	CBCUGX02	3514
seqoccin.Bt.SAMEA117655755.scaffold	GCA_965153705.2		Bos taurus	Bos taurus		mammals						Scaffold	2025-10-28	CBCUFO02	6772
seqoccin.Bt.SAMEA117655832.scaffold	GCA_965153725.2		Bos taurus	Bos taurus		mammals						Scaffold	2025-10-28	CBCUFS02	3429
seqoccin.Bt.char.SAMEA114541728.v1.0	GCA_963920255.1		Bos taurus	Bos taurus		mammals						Scaffold	2023-12-22	CAWUBF01	3791
seqoccin.Bt.SAMEA117655730.scaffold	GCA_965153605.2		Bos taurus	Bos taurus		mammals						Scaffold	2025-10-27	CBCUEX02	4202
seqoccin.Bt.SAMEA117655828.scaffold	GCA_965153785.2		Bos taurus	Bos taurus		mammals						Scaffold	2025-10-28	CBCUGP02	3623
seqoccin.Bt.SAMEA117655718.scaffold	GCA_965153565.2		Bos taurus	Bos taurus		mammals						Scaffold	2025-09-16	CBCUFC02	3529
seqoccin.Bt.SAMEA117655788.scaffold	GCA_965153915.2		Bos taurus	Bos taurus		mammals						Scaffold	2025-10-28	CBCUGT02	4120
seqoccin.Bt.SAMEA117655778.scaffold	GCA_965153865.2		Bos taurus	Bos taurus		mammals						Scaffold	2025-10-28	CBCUGH02	3901
seqoccin.Bt.SAMEA117655843.scaffold	GCA_965154085.2		Bos taurus	Bos taurus		mammals						Scaffold	2025-10-28	CBCUHE02	4233
seqoccin.Bt.SAMEA117655820.scaffold	GCA_965153755.2		Bos taurus	Bos taurus		mammals						Scaffold	2025-10-27	CBCUGC02	2300
seqoccin.Bt.SAMEA117655814.scaffold	GCA_965177385.2		Bos taurus	Bos taurus		mammals						Scaffold	2025-10-28	CBCXRI02	3174
seqoccin.Bt.SAMEA117655819.scaffold	GCA_965153795.2		Bos taurus	Bos taurus		mammals						Scaffold	2025-10-28	CBCUGO02	3180
seqoccin.Bt.SAMEA117655708.scaffold	GCA_965153685.2		Bos taurus	Bos taurus		mammals						Scaffold	2025-10-28	CBCUFJ02	3450
seqoccin.Bt.SAMEA117655777.scaffold	GCA_965153955.2		Bos taurus	Bos taurus		mammals						Scaffold	2025-10-28	CBCUGL02	4661
seqoccin.Bt.SAMEA117655827.scaffold	GCA_965153995.2		Bos taurus	Bos taurus		mammals						Scaffold	2025-10-28	CBCUGS02	6534
seqoccin.Bt.SAMEA117655815.scaffold	GCA_965153855.2		Bos taurus	Bos taurus		mammals						Scaffold	2025-10-28	CBCUGJ02	4452
seqoccin.Bt.SAMEA117655765.scaffold	GCA_965153585.2		Bos taurus	Bos taurus		mammals						Scaffold	2025-10-28	CBCUFF02	4747
seqoccin.Bt.SAMEA117655829.scaffold	GCA_965177695.2		Bos taurus	Bos taurus		mammals						Scaffold	2025-10-27	CBCXSK02	3129
seqoccin.Bt.SAMEA117655731.scaffold	GCA_965153535.2		Bos taurus	Bos taurus		mammals						Scaffold	2025-10-28	CBCUFD02	3283
seqoccin.Bt.char.SAMEA114541727.v1.0	GCA_963920265.1		Bos taurus	Bos taurus		mammals						Scaffold	2023-12-22	CAWUBE01	487
seqoccin.Bt.SAMEA117655733.scaffold	GCA_965153485.2		Bos taurus	Bos taurus		mammals						Scaffold	2025-10-28	CBCUEU02	3790
seqoccin.Bt.SAMEA117655739.scaffold	GCA_965153575.2		Bos taurus	Bos taurus		mammals						Scaffold	2025-10-27	CBCUEZ02	2609
seqoccin.Bt.SAMEA117655722.scaffold	GCA_965153545.2		Bos taurus	Bos taurus		mammals						Scaffold	2025-10-28	CBCUFG02	5826
seqoccin.Bt.SAMEA117655830.scaffold	GCA_965177425.2		Bos taurus	Bos taurus		mammals						Scaffold	2025-10-28	CBCXRZ02	3534
seqoccin.Bt.SAMEA117655757.scaffold	GCA_965177745.2		Bos taurus	Bos taurus		mammals						Scaffold	2025-10-27	CBCXSM02	2912
seqoccin.Bt.SAMEA117655702.scaffold	GCA_965154255.2		Bos taurus	Bos taurus		mammals						Scaffold	2025-10-28	CBCUHV02	3238
seqoccin.Bt.SAMEA117655759.scaffold	GCA_965153635.2		Bos taurus	Bos taurus		mammals						Scaffold	2025-10-27	CBCUFL02	3251
seqoccin.Bt.SAMEA117655784.scaffold	GCA_965154025.2		Bos taurus	Bos taurus		mammals						Scaffold	2025-10-27	CBCUGK02	4259
seqoccin.Bt.SAMEA117655826.scaffold	GCA_965153845.2		Bos taurus	Bos taurus		mammals						Scaffold	2025-10-28	CBCUGM02	3984
seqoccin.Bt.SAMEA117655746.scaffold	GCA_965153695.2		Bos taurus	Bos taurus		mammals						Scaffold	2025-10-27	CBCUFN02	3937
seqoccin.Bt.SAMEA117655753.scaffold	GCA_965153625.2		Bos taurus	Bos taurus		mammals						Scaffold	2025-10-27	CBCUFM02	3490
seqoccin.Bt.SAMEA117655729.scaffold	GCA_965154445.2		Bos taurus	Bos taurus		mammals						Scaffold	2025-10-28	CBCUIJ02	3602
seqoccin.Bt.SAMEA117655706.scaffold	GCA_965154195.2		Bos taurus	Bos taurus		mammals						Scaffold	2025-10-27	CBCUHO02	2302
seqoccin.Bt.SAMEA117655834.scaffold	GCA_965153875.2		Bos taurus	Bos taurus		mammals						Scaffold	2025-10-27	CBCUGN02	2878
seqoccin.Bt.SAMEA117655785.scaffold	GCA_965153905.2		Bos taurus	Bos taurus		mammals						Scaffold	2025-10-27	CBCUGI02	4523
seqoccin.Bt.SAMEA117655712.scaffold	GCA_965154185.2		Bos taurus	Bos taurus		mammals						Scaffold	2025-09-16	CBCUHR02	3704
seqoccin.Bt.SAMEA117655727.scaffold	GCA_965154405.2		Bos taurus	Bos taurus		mammals						Scaffold	2025-10-28	CBCUIL02	4662
seqoccin.Bt.SAMEA117655781.scaffold	GCA_965153825.2		Bos taurus	Bos taurus		mammals						Scaffold	2025-10-28	CBCUFZ02	4924
seqoccin.Bt.SAMEA117655780.scaffold	GCA_965177625.2		Bos taurus	Bos taurus		mammals						Scaffold	2025-10-27	CBCXSP02	4933
seqoccin.Bt.SAMEA117655728.scaffold	GCA_965153655.2		Bos taurus	Bos taurus		mammals						Scaffold	2025-10-28	CBCUFQ02	5874
seqoccin.Bt.SAMEA117655792.scaffold	GCA_965153885.2		Bos taurus	Bos taurus		mammals						Scaffold	2025-10-28	CBCUGA02	5553
seqoccin.Bt.SAMEA117655748.scaffold	GCA_965177315.2		Bos taurus	Bos taurus		mammals						Scaffold	2025-10-27	CBCXRD02	2160
seqoccin.Bt.SAMEA117655758.scaffold	GCA_965177505.2		Bos taurus	Bos taurus		mammals						Scaffold	2025-10-27	CBCXSE02	2806
seqoccin.Bt.SAMEA117655774.scaffold	GCA_965153525.2		Bos taurus	Bos taurus		mammals						Scaffold	2025-10-28	CBCUFI02	4831
seqoccin.Bt.SAMEA117655804.scaffold	GCA_965153935.2		Bos taurus	Bos taurus		mammals						Scaffold	2025-10-28	CBCUGZ02	4277
seqoccin.Bt.SAMEA117655803.scaffold	GCA_965153835.2		Bos taurus	Bos taurus		mammals						Scaffold	2025-10-28	CBCUFY02	4655
seqoccin.Bt.SAMEA117655761.scaffold	GCA_965177715.2		Bos taurus	Bos taurus		mammals						Scaffold	2025-10-27	CBCXSR02	2538
seqoccin.Bt.SAMEA117655707.scaffold	GCA_965153645.2		Bos taurus	Bos taurus		mammals						Scaffold	2025-09-16	CBCUFR02	4220
seqoccin.Bt.SAMEA117655825.scaffold	GCA_965153895.2		Bos taurus	Bos taurus		mammals						Scaffold	2025-10-27	CBCUGQ02	2566
seqoccin.Bt.SAMEA117655756.scaffold	GCA_965177585.2		Bos taurus	Bos taurus		mammals						Scaffold	2025-10-27	CBCXRU02	3216
seqoccin.Bt.SAMEA117655776.scaffold	GCA_965153595.2		Bos taurus	Bos taurus		mammals						Scaffold	2025-10-28	CBCUFP02	7660
seqoccin.Bt.SAMEA117655716.scaffold	GCA_965154165.2		Bos taurus	Bos taurus		mammals						Scaffold	2025-09-16	CBCUHQ02	3860
seqoccin.Bt.SAMEA117655790.scaffold	GCA_965177355.2		Bos taurus	Bos taurus		mammals						Scaffold	2025-10-27	CBCXRX02	2937
seqoccin.Bt.SAMEA117655762.scaffold	GCA_965153615.2		Bos taurus	Bos taurus		mammals						Scaffold	2025-10-27	CBCUEY02	3410
seqoccin.Bt.SAMEA117655735.scaffold	GCA_965153505.2		Bos taurus	Bos taurus		mammals						Scaffold	2025-10-28	CBCUFE02	3739
seqoccin.Bt.SAMEA117655797.scaffold	GCA_965177475.2		Bos taurus	Bos taurus		mammals						Scaffold	2025-10-28	CBCXRN02	3366
seqoccin.Bt.SAMEA117655709.scaffold	GCA_965154275.2		Bos taurus	Bos taurus		mammals						Scaffold	2025-09-16	CBCUHN02	3853
seqoccin.Bt.SAMEA117655818.scaffold	GCA_965153925.2		Bos taurus	Bos taurus		mammals						Scaffold	2025-10-28	CBCUGV02	4187
seqoccin.Bt.SAMEA117655786.scaffold	GCA_965154015.2		Bos taurus	Bos taurus		mammals						Scaffold	2025-10-28	CBCUHA02	4473
seqoccin.Bt.SAMEA117655798.scaffold	GCA_965177725.2		Bos taurus	Bos taurus		mammals						Scaffold	2025-10-28	CBCXSN02	5270
seqoccin.Bt.SAMEA117655802.scaffold	GCA_965153715.2		Bos taurus	Bos taurus		mammals						Scaffold	2025-10-28	CBCUFT02	4102
seqoccin.Bt.SAMEA117655846.scaffold	GCA_965177765.2		Bos taurus	Bos taurus		mammals						Scaffold	2025-10-28	CBCXSZ02	2884
seqoccin.Bt.SAMEA117655750.scaffold	GCA_965177535.2		Bos taurus	Bos taurus		mammals						Scaffold	2025-10-27	CBCXRP02	2621
seqoccin.Bt.SAMEA117655713.scaffold	GCA_965154245.2		Bos taurus	Bos taurus		mammals						Scaffold	2025-10-27	CBCUHT02	3426
seqoccin.Bt.SAMEA117655769.scaffold	GCA_965153495.2		Bos taurus	Bos taurus		mammals						Scaffold	2025-10-28	CBCUEV02	4042
seqoccin.Bt.SAMEA117655760.scaffold	GCA_965153475.2		Bos taurus	Bos taurus		mammals						Scaffold	2025-10-28	CBCUEW02	3850
seqoccin.Bt.SAMEA117655766.scaffold	GCA_965177345.2		Bos taurus	Bos taurus		mammals						Scaffold	2025-10-27	CBCXRG02	3499
seqoccin.Bt.SAMEA117655817.scaffold	GCA_965153805.2		Bos taurus	Bos taurus		mammals						Scaffold	2025-10-27	CBCUFW02	3407
seqoccin.Bt.SAMEA117655736.scaffold	GCA_965154375.2		Bos taurus	Bos taurus		mammals						Scaffold	2025-10-28	CBCUIF02	4702
seqoccin.Bt.SAMEA117655783.scaffold	GCA_965154055.2		Bos taurus	Bos taurus		mammals						Scaffold	2025-10-27	CBCUGU02	3213
seqoccin.Bt.SAMEA117655768.scaffold	GCA_965153515.2		Bos taurus	Bos taurus		mammals						Scaffold	2025-10-27	CBCUFK02	3512
seqoccin.Bt.SAMEA117655744.scaffold	GCA_965154435.2		Bos taurus	Bos taurus		mammals						Scaffold	2025-10-27	CBCUIK02	3197
seqoccin.Bt.SAMEA117655740.scaffold	GCA_965154425.2		Bos taurus	Bos taurus		mammals						Scaffold	2025-10-27	CBCUID02	3548
seqoccin.Bt.SAMEA117655715.scaffold	GCA_965154295.2		Bos taurus	Bos taurus		mammals						Scaffold	2025-10-27	CBCUHU02	3105
seqoccin.Bt.SAMEA117655720.scaffold	GCA_965153555.2		Bos taurus	Bos taurus		mammals						Scaffold	2025-10-27	CBCUFA02	2582
seqoccin.Bt.SAMEA117655764.scaffold	GCA_965177375.2		Bos taurus	Bos taurus		mammals						Scaffold	2025-10-27	CBCXSF02	2982
seqoccin.Bt.SAMEA117655717.scaffold	GCA_965154265.2		Bos taurus	Bos taurus		mammals						Scaffold	2025-09-16	CBCUHL02	3078
seqoccin.Bt.SAMEA117655821.scaffold	GCA_965177665.2		Bos taurus	Bos taurus		mammals						Scaffold	2025-10-27	CBCXSB02	1614
seqoccin.Bt.SAMEA117655763.scaffold	GCA_965177755.2		Bos taurus	Bos taurus		mammals						Scaffold	2025-10-27	CBCXSV02	2999
seqoccin.Bt.SAMEA117655743.scaffold	GCA_965154345.2		Bos taurus	Bos taurus		mammals						Scaffold	2025-10-28	CBCUIM02	5066
seqoccin.Bt.SAMEA117655805.scaffold	GCA_965154005.2		Bos taurus	Bos taurus		mammals						Scaffold	2025-10-28	CBCUGY02	4518
seqoccin.Bt.SAMEA117655800.scaffold	GCA_965154035.2		Bos taurus	Bos taurus		mammals						Scaffold	2025-10-28	CBCUGW02	3627
seqoccin.Bt.SAMEA117655809.scaffold	GCA_965153985.2		Bos taurus	Bos taurus		mammals						Scaffold	2025-10-28	CBCUGR02	4279
seqoccin.Bt.SAMEA117655770.scaffold	GCA_965153665.2		Bos taurus	Bos taurus		mammals						Scaffold	2025-10-28	CBCUFB02	3912
seqoccin.Bt.SAMEA117655801.scaffold	GCA_965153765.2		Bos taurus	Bos taurus		mammals						Scaffold	2025-10-28	CBCUFV02	3451
seqoccin.Bt.SAMEA117655796.scaffold	GCA_965177525.2		Bos taurus	Bos taurus		mammals						Scaffold	2025-10-27	CBCXRK02	2981
seqoccin.Bt.SAMEA117655749.scaffold	GCA_965177685.2		Bos taurus	Bos taurus		mammals						Scaffold	2025-10-27	CBCXSU02	2362
seqoccin.Bt.SAMEA117655795.scaffold	GCA_965177515.2		Bos taurus	Bos taurus		mammals						Scaffold	2025-10-28	CBCXSI02	4011
seqoccin.Bt.SAMEA117655811.scaffold	GCA_965177615.2		Bos taurus	Bos taurus		mammals						Scaffold	2025-10-27	CBCXSA02	3166
seqoccin.Bt.SAMEA117655812.scaffold	GCA_965177555.2		Bos taurus	Bos taurus		mammals						Scaffold	2025-10-27	CBCXRO02	3718
seqoccin.Bt.SAMEA117655714.scaffold	GCA_965154235.2		Bos taurus	Bos taurus		mammals						Scaffold	2025-10-27	CBCUHM02	2768
seqoccin.Bt.SAMEA117655738.scaffold	GCA_965154395.2		Bos taurus	Bos taurus		mammals						Scaffold	2025-10-27	CBCUIC02	3373
seqoccin.Bt.SAMEA117655816.scaffold	GCA_965177405.2		Bos taurus	Bos taurus		mammals						Scaffold	2025-10-27	CBCXRS02	2718
seqoccin.Bt.SAMEA117655772.scaffold	GCA_965177655.2		Bos taurus	Bos taurus		mammals						Scaffold	2025-10-27	CBCXSC02	2944
seqoccin.Bt.SAMEA117655822.scaffold	GCA_965177435.2		Bos taurus	Bos taurus		mammals						Scaffold	2025-10-27	CBCXRV02	2739
seqoccin.Bt.SAMEA117655752.scaffold	GCA_965177605.2		Bos taurus	Bos taurus		mammals						Scaffold	2025-10-27	CBCXSL02	2409
seqoccin.Bt.SAMEA117655751.scaffold	GCA_965177485.2		Bos taurus	Bos taurus		mammals						Scaffold	2025-10-27	CBCXSJ02	2336
seqoccin.Bt.SAMEA117655844.scaffold	GCA_965177795.2		Bos taurus	Bos taurus		mammals						Scaffold	2025-10-27	CBCXSX02	1591
seqoccin.Bt.SAMEA117655807.scaffold	GCA_965153775.2		Bos taurus	Bos taurus		mammals						Scaffold	2025-10-27	CBCUFX02	3725
seqoccin.Bt.SAMEA117655734.scaffold	GCA_965154365.2		Bos taurus	Bos taurus		mammals						Scaffold	2025-10-27	CBCUIB02	2912
seqoccin.Bt.SAMEA117655773.scaffold	GCA_965177455.2		Bos taurus	Bos taurus		mammals						Scaffold	2025-10-27	CBCXRL02	3602
seqoccin.Bt.SAMEA117655839.scaffold	GCA_965177785.2		Bos taurus	Bos taurus		mammals						Scaffold	2025-10-27	CBCXSY02	2807
seqoccin.Bt.SAMEA117655771.scaffold	GCA_965177735.2		Bos taurus	Bos taurus		mammals						Scaffold	2025-10-27	CBCXSO02	3111
seqoccin.Bt.SAMEA117655794.scaffold	GCA_965177465.2		Bos taurus	Bos taurus		mammals						Scaffold	2025-10-27	CBCXRM02	3590
seqoccin.Bt.SAMEA117655808.scaffold	GCA_965177635.2		Bos taurus	Bos taurus		mammals						Scaffold	2025-10-28	CBCXSQ02	3793
seqoccin.Bt.SAMEA117655721.scaffold	GCA_965154305.2		Bos taurus	Bos taurus		mammals						Scaffold	2025-10-27	CBCUHX02	1932
seqoccin.Bt.SAMEA117655782.scaffold	GCA_965177705.2		Bos taurus	Bos taurus		mammals						Scaffold	2025-10-27	CBCXST02	3138
seqoccin.Bt.SAMEA117655719.scaffold	GCA_965154155.2		Bos taurus	Bos taurus		mammals						Scaffold	2025-09-16	CBCUHP02	1919
seqoccin.Bt.SAMEA117655745.scaffold	GCA_965177325.2		Bos taurus	Bos taurus		mammals						Scaffold	2025-10-27	CBCXRF02	2371
seqoccin.Bt.SAMEA117655737.scaffold	GCA_965154385.2		Bos taurus	Bos taurus		mammals						Scaffold	2025-10-27	CBCUIE02	3673
seqoccin.Bt.SAMEA117655824.scaffold	GCA_965177645.2		Bos taurus	Bos taurus		mammals						Scaffold	2025-10-27	CBCXSS02	2022
SNNPC3_IISER1.0	GCA_033032115.1		Bos taurus	Bos taurus					SNNPC3			Contig	2023-10-25	JASJPV01	1832
seqoccin.Bt.SAMEA117655806.scaffold	GCA_965177545.2		Bos taurus	Bos taurus		mammals						Scaffold	2025-10-28	CBCXSD02	3654
seqoccin.Bt.SAMEA117655732.scaffold	GCA_965154355.2		Bos taurus	Bos taurus		mammals						Scaffold	2025-10-27	CBCUIA02	2266
seqoccin.Bt.SAMEA117655793.scaffold	GCA_965177445.2		Bos taurus	Bos taurus		mammals						Scaffold	2025-10-27	CBCXRH02	3136
seqoccin.Bt.SAMEA117655845.scaffold	GCA_965177805.2		Bos taurus	Bos taurus		mammals						Scaffold	2025-10-28	CBCXTB02	3231
seqoccin.Bt.SAMEA117655823.scaffold	GCA_965177415.2		Bos taurus	Bos taurus		mammals						Scaffold	2025-10-27	CBCXRT02	2614
seqoccin.Bt.SAMEA117655836.scaffold	GCA_965177675.2		Bos taurus	Bos taurus		mammals						Scaffold	2025-10-27	CBCXSH02	1923
seqoccin.Bt.SAMEA117655767.scaffold	GCA_965177365.2		Bos taurus	Bos taurus		mammals						Scaffold	2025-10-27	CBCXRY02	2749
seqoccin.Bt.SAMEA117655799.scaffold	GCA_965177575.2		Bos taurus	Bos taurus		mammals						Scaffold	2025-10-27	CBCXRW02	2972
seqoccin.Bt.SAMEA117655840.scaffold	GCA_965177825.2		Bos taurus	Bos taurus		mammals						Scaffold	2025-10-27	CBCXTC02	2588
seqoccin.Bt.SAMEA117655741.scaffold	GCA_965154415.2		Bos taurus	Bos taurus		mammals						Scaffold	2025-10-27	CBCUIN02	3019
seqoccin.Bt.SAMEA117655847.scaffold	GCA_965177775.2		Bos taurus	Bos taurus		mammals						Scaffold	2025-10-27	CBCXSW02	2543
seqoccin.Bt.SAMEA117655723.scaffold	GCA_965154205.2		Bos taurus	Bos taurus		mammals						Scaffold	2025-09-16	CBCUHY02	2015
seqoccin.Bt.SAMEA117655725.scaffold	GCA_965154325.2		Bos taurus	Bos taurus		mammals						Scaffold	2025-10-27	CBCUII02	2089
seqoccin.Bt.SAMEA117655704.scaffold	GCA_965154215.2		Bos taurus	Bos taurus		mammals						Scaffold	2025-10-27	CBCUHS02	1945
seqoccin.Bt.SAMEA117655705.scaffold	GCA_965154225.2		Bos taurus	Bos taurus		mammals						Scaffold	2025-10-28	CBCUHK02	3377
seqoccin.Bt.SAMEA117655726.scaffold	GCA_965154315.2		Bos taurus	Bos taurus		mammals						Scaffold	2025-10-27	CBCUIH02	1981
seqoccin.Bt.SAMEA117655724.scaffold	GCA_965154175.2		Bos taurus	Bos taurus		mammals						Scaffold	2025-10-27	CBCUHZ02	1872
seqoccin.Bt.SAMEA117655747.scaffold	GCA_965177335.2		Bos taurus	Bos taurus		mammals						Scaffold	2025-10-27	CBCXRE02	1939
seqoccin.Bt.SAMEA114112003.scaffold	GCA_964019245.2		Bos taurus	Bos taurus		mammals						Scaffold	2025-08-25	CAXHSP02	1677
seqoccin.Bt.SAMEA114111958.scaffold	GCA_964019265.2		Bos taurus	Bos taurus		mammals						Scaffold	2025-10-27	CAXHSQ02	2376
seqoccin.Bt.char.SAMEA114112360_v1	GCA_964019275.1		Bos taurus	Bos taurus		mammals						Contig	2024-03-29	CAXHSO01	12314
seqoccin.Bt.SAMEA114112153.scaffold	GCA_964019215.2		Bos taurus	Bos taurus		mammals						Scaffold	2025-08-25	CAXHSR02	1742
seqoccin.Bt.SAMEA117655703.scaffold	GCA_974728815.1		Bos taurus	Bos taurus		mammals						Scaffold	2025-10-27	CDETGU01	1635
seqoccin.Bt.char.SAMEA114111949_v1	GCA_964019205.1		Bos taurus	Bos taurus		mammals						Contig	2024-03-29	CAXHSS01	16814
seqoccin.Bt.SAMEA114111947.scaffold	GCA_964019235.2		Bos taurus	Bos taurus		mammals						Scaffold	2025-08-25	CAXHSU02	2278
seqoccin.Bt.SAMEA114111952.scaffold	GCA_964019225.2		Bos taurus	Bos taurus		mammals						Scaffold	2025-08-25	CAXHST02	1805
Brown Swiss cow	GCA_914753205.1		Bos taurus	Bos taurus								Scaffold	2021-09-22	CAJZAZ01	14725
seqoccin.Bt.SAMEA114112080.scaffold	GCA_964019255.2		Bos taurus	Bos taurus		mammals						Scaffold	2025-08-25	CAXHSV02	2313
seqoccin.Bt.SAMEA114112439.scaffold	GCA_964019295.2		Bos taurus	Bos taurus		mammals						Scaffold	2025-08-25	CAXHSW02	2620
B.taurus_INIA.1	GCA_024542955.1		Bos taurus	Bos taurus	Arequipa fighting bull				INIA-2022	male		Scaffold	2022-08-05	JANIWY01	12639
seqoccin.Sh.SAMEA118215303_hap2_	GCA_984506445.1		Ovis aries	Ovis aries		mammals						Scaffold	2026-06-16	CFGVMM01	326
seqoccin.Sh.SAMEA118215303_hap1_	GCA_984506435.1		Ovis aries	Ovis aries		mammals						Scaffold	2026-06-16	CFGVMI01	384
ASM5008489v1	GCA_050084895.1		Ovis aries	Ovis aries	Pedi							Scaffold	2025-05-01	JBLGTL01	106
ASM2270250v1	GCA_022702505.1		Ovis aries	Ovis aries	East Friesian				EF_391	male		Scaffold	2022-03-28	JAKFGC01	1920
ASM2270266v1	GCA_022702665.1		Ovis aries	Ovis aries	East Friesian				EF_391	male		Scaffold	2022-03-28	JAKFGD01	1953
ASM2132899v1	GCA_021328995.1		Ovis aries	Ovis aries	Polled Dorset sheep				DOR1	female		Scaffold	2021-12-30	JAJTAW01	2586
seqoccin.Sh.SAMEA118215308	GCA_965364855.1		Ovis aries	Ovis aries		mammals						Scaffold	2025-07-02	CBDUAQ01	726
seqoccin.Go.SAMEA118215308_	GCA_984513465.1		Ovis aries	Ovis aries		mammals						Scaffold	2026-06-16	CFGWSR01	726
Oar_Finn	GCA_965637775.1		Ovis aries	Ovis aries								Scaffold	2025-07-10	CBFEWE01	1481
ASM2132743v1	GCA_021327435.1		Ovis aries	Ovis aries	Polled Dorset sheep				DOR1	female		Scaffold	2021-12-30	JAJTAV01	2856
seqoccin.Sh.SAMEA118215306	GCA_965363385.1		Ovis aries	Ovis aries		mammals						Scaffold	2025-07-08	CBDTXI01	939
seqoccin.Go.SAMEA118215306_	GCA_984514685.1		Ovis aries	Ovis aries		mammals						Scaffold	2026-06-16	CFGWSW01	939
seqoccin.Sh.SAMEA118215298	GCA_965363705.1		Ovis aries	Ovis aries		mammals						Scaffold	2025-07-02	CBDTXU01	1002
seqoccin.Go.SAMEA118215298_	GCA_984507005.1		Ovis aries	Ovis aries		mammals						Scaffold	2026-06-16	CFGVNN01	1002
seqoccin.Sh.SAMEA118215311_hap1_	GCA_984506455.1		Ovis aries	Ovis aries		mammals						Scaffold	2026-06-16	CFGVML01	1035
seqoccin.Sh.SAMEA118215309	GCA_965363435.1		Ovis aries	Ovis aries		mammals						Scaffold	2025-07-02	CBDTYB01	1055
seqoccin.Go.SAMEA118215309_	GCA_984538235.1		Ovis aries	Ovis aries		mammals						Scaffold	2026-06-16	CFHAKB01	1055
seqoccin.Sh.SAMEA118215299	GCA_965363785.1		Ovis aries	Ovis aries		mammals						Scaffold	2025-07-08	CBDTXR01	1533
ASM2132737v1	GCA_021327375.1		Ovis aries	Ovis aries	Yunnan sheep				YUN1	female		Scaffold	2021-12-30	JAJTAR01	2726
ASM2422213v1	GCA_024222135.1		Ovis aries	Ovis aries	Waggir sheep				WAG1	female		Scaffold	2022-07-12	JAMHGD01	1548
ASM2132593v1	GCA_021325935.1		Ovis aries	Ovis aries	Kermani sheep				KER1	male		Scaffold	2021-12-30	JAJTAF01	4013
ASM2132590v1	GCA_021325905.1		Ovis aries	Ovis aries	Kermani sheep				KER1	male		Scaffold	2021-12-30	JAJTAG01	4049
ASM2132673v1	GCA_021326735.1		Ovis aries	Ovis aries	Qiaoke sheep				QK1	female		Scaffold	2021-12-30	JAJTAH01	4282
seqoccin.Sh.SAMEA118215311_hap2_	GCA_984506415.1		Ovis aries	Ovis aries		mammals						Scaffold	2026-06-16	CFGVMK01	1819
ASM2132895v1	GCA_021328955.1		Ovis aries	Ovis aries	Yunnan sheep				YUN1	female		Contig	2021-12-30	JAJTAS01	2654
seqoccin.Sh.SAMEA118215305	GCA_965364765.1		Ovis aries	Ovis aries		mammals						Scaffold	2025-07-08	CBDUAK01	2322
seqoccin.Go.SAMEA118215305_	GCA_984506815.1		Ovis aries	Ovis aries		mammals						Scaffold	2026-06-16	CFGVMS01	2322
ASM2422218v1	GCA_024222185.1		Ovis aries	Ovis aries	Waggir sheep				WAG1	female		Scaffold	2022-07-12	JAMHGC01	1871
seqoccin.Sh.SAMEA118215297	GCA_965363445.1		Ovis aries	Ovis aries		mammals						Scaffold	2025-07-08	CBDTXW01	2441
seqoccin.Go.SAMEA118215297_	GCA_984514235.1		Ovis aries	Ovis aries		mammals						Scaffold	2026-06-16	CFGWSV01	2441
seqoccin.Sh.SAMEA118215310_hap1_	GCA_984506635.1		Ovis aries	Ovis aries		mammals						Scaffold	2026-06-16	CFGVMP01	960
ASM2132730v1	GCA_021327305.1		Ovis aries	Ovis aries	Ujimqin sheep				UJQ1	female		Scaffold	2021-12-30	JAJTAO01	3653
ASM2132731v1	GCA_021327315.1		Ovis aries	Ovis aries	Ujimqin sheep				UJQ1	female		Scaffold	2021-12-30	JAJTAN01	3724
ASM2132670v1	GCA_021326705.1		Ovis aries	Ovis aries	Qiaoke sheep				QK1	female		Scaffold	2021-12-30	JAJTAI01	3883
seqoccin.Sh.SAMEA118215310_hap2_	GCA_984506465.1		Ovis aries	Ovis aries		mammals						Scaffold	2026-06-16	CFGVMN01	398
ASM2132581v1	GCA_021325815.1		Ovis aries	Ovis aries	Charollais sheep				CHA1	female		Scaffold	2021-12-30	JAJTAB01	3950
ASM2425648v1	GCA_024256485.1		Ovis aries	Ovis aries	Romanov sheep				Rmnv1	female		Scaffold	2022-07-12	JAMFTI01	2758
ASM2132714v1	GCA_021327145.1		Ovis aries	Ovis aries	Romney sheep				ROM1	female		Contig	2021-12-30	JAJTAJ01	4448
ASM2132697v1	GCA_021326975.1		Ovis aries	Ovis aries	Romney sheep				ROM1	female		Scaffold	2021-12-30	JAJTAK01	3948
ASM2132724v1	GCA_021327245.1		Ovis aries	Ovis aries	Suffolk sheep				SFK1	female		Scaffold	2021-12-30	JAJTAL01	4148
ASM2132585v1	GCA_021325855.1		Ovis aries	Ovis aries	Charollais sheep				CHA1	female		Scaffold	2021-12-30	JAJTAC01	3929
ASM2425650v1	GCA_024256505.1		Ovis aries	Ovis aries	Romanov sheep				Rmnv1	female		Scaffold	2022-07-12	JAMFTJ01	2447
ASM2132728v1	GCA_021327285.1		Ovis aries	Ovis aries	Suffolk sheep				SFK1	female		Scaffold	2021-12-30	JAJTAM01	4205
ASM2132586v1	GCA_021325865.1		Ovis aries	Ovis aries	Chinese Merino sheep				MER1	female		Contig	2021-12-30	JAJTAE01	4824
ASM2132583v1	GCA_021325835.1		Ovis aries	Ovis aries	Texel sheep				TEX1	female		Scaffold	2021-12-30	JAJSZZ01	5069
ASM2132739v1	GCA_021327395.1		Ovis aries	Ovis aries	Texel sheep				TEX1	female		Scaffold	2021-12-30	JAJTAA01	4962
seqoccin.Sh.SAMEA118215307	GCA_965365915.1		Ovis aries	Ovis aries		mammals						Scaffold	2025-07-02	CBDUDN01	4678
seqoccin.Go.SAMEA118215307_	GCA_984506805.1		Ovis aries	Ovis aries		mammals						Scaffold	2026-06-16	CFGVMT01	4678
ASM2132587v1	GCA_021325875.1		Ovis aries	Ovis aries	Chinese Merino sheep				MER1	female		Scaffold	2021-12-30	JAJTAD01	5483
seqoccin.Sh.SAMEA118215300	GCA_965363425.1		Ovis aries	Ovis aries		mammals						Scaffold	2025-07-08	CBDTYA01	2868
seqoccin.Go.SAMEA118215300_	GCA_984514435.1		Ovis aries	Ovis aries		mammals						Scaffold	2026-06-16	CFGWSU01	2868
ASM2132735v1	GCA_021327355.1		Ovis aries	Ovis aries	White Dorper sheep				WDU1	female		Scaffold	2021-12-30	JAJTAP01	7399
ASM2132733v1	GCA_021327335.1		Ovis aries	Ovis aries	White Dorper sheep				WDU1	female		Scaffold	2021-12-30	JAJTAQ01	7280
seqoccin.Go.SAMEA118215310_	GCA_984506965.1		Ovis aries	Ovis aries		mammals						Scaffold	2026-06-16	CFGVNO01	5078
ASM3243364v1	GCA_032433645.1		Ovis aries	Ovis aries	Bangladeshi sheep				NIB_DS	female		Contig	2023-10-06	JAVYAH01	900576
seqoccin.Go.SAMEA118215294_hap2	GCA_965364655.1		Capra hircus	Capra hircus		mammals						Scaffold	2025-10-28	CBDTZD03	213
seqoccin.Go.SAMEA118215288_hap2_	GCA_984506535.1		Capra hircus	Capra hircus		mammals						Scaffold	2026-06-16	CFGVMQ01	213
ASM5412696v1	GCA_054126965.1		Capra hircus	Capra hircus	Nguni			Pedi				Scaffold	2025-12-22	JBNQSG01	77
ASM5755779v1	GCA_057557795.1		Capra hircus	Capra hircus	Korean native black goat				KNBG_J_M	male		Scaffold	2026-05-15	JBXEOJ01	364
ASM5755771v1	GCA_057557715.1		Capra hircus	Capra hircus	Korean native black goat				KNBG_J_F	female		Scaffold	2026-05-15	JBXEOI01	347
ASM5755781v1	GCA_057557815.1		Capra hircus	Capra hircus	Korean native black goat				KNBG_J_M	male		Scaffold	2026-05-15	JBXEOK01	111
seqoccin.Go.SAMEA118215288_hap1_	GCA_984506425.1		Capra hircus	Capra hircus		mammals						Scaffold	2026-06-16	CFGVMJ01	112
ASM5755769v1	GCA_057557695.1		Capra hircus	Capra hircus	Korean native black goat				KNBG_J_F	female		Scaffold	2026-05-15	JBXEOH01	887
ASM5933559v1	GCA_059335595.1		Capra hircus	Capra hircus	Cape Speckled							Scaffold	2026-07-13	JBWDSV01	798
seqoccin.Go.SAMEA118215294.2	GCA_977879805.1		Capra hircus	Capra hircus		mammals						Scaffold	2026-02-25	CDWKDW01	2010
seqoccin.Go.SAMEA118215292	GCA_965363885.1		Capra hircus	Capra hircus		mammals						Scaffold	2025-07-08	CBDTXK01	2713
seqoccin.Go.SAMEA118215292_	GCA_977880105.2		Capra hircus	Capra hircus		mammals						Scaffold	2026-06-16	CDWKDV02	2713
seqoccin.Go.SAMEA118215289	GCA_965363395.1		Capra hircus	Capra hircus		mammals						Scaffold	2025-07-02	CBDTXY01	1979
seqoccin.Go.SAMEA118215289_	GCA_984506515.1		Capra hircus	Capra hircus		mammals						Scaffold	2026-06-16	CFGVMO01	1979
seqoccin.Go.SAMEA118215296	GCA_965365845.1		Capra hircus	Capra hircus		mammals						Scaffold	2025-07-02	CBDUDM01	2046
seqoccin.Go.SAMEA118215296.2	GCA_977879435.1		Capra hircus	Capra hircus		mammals						Scaffold	2026-02-25	CDWKDU01	2046
seqoccin.Go.SAMEA118215293	GCA_965363845.1		Capra hircus	Capra hircus		mammals						Scaffold	2025-07-02	CBDTXQ01	2927
seqoccin.Go.SAMEA118215293_	GCA_984513855.1		Capra hircus	Capra hircus		mammals						Scaffold	2026-06-16	CFGWST01	2927
seqoccin.Go.SAMEA118215295	GCA_965363855.1		Capra hircus	Capra hircus		mammals						Scaffold	2025-07-08	CBDTXO01	2302
seqoccin.Go.SAMEA118215295_	GCA_984513515.1		Capra hircus	Capra hircus		mammals						Scaffold	2026-06-16	CFGWSS01	2302
seqoccin.Go.SAMEA118215291	GCA_965365925.1		Capra hircus	Capra hircus		mammals						Scaffold	2025-07-08	CBDUDO01	3015
seqoccin.Go.SAMEA118215291_	GCA_984506825.1		Capra hircus	Capra hircus		mammals						Scaffold	2026-06-16	CFGVMR01	3015
CaHircus_AHG_v1	GCA_055691435.1		Capra hircus	Capra hircus		AHG						Scaffold	2026-03-05	JBVNAF01	19632
SIW_1.0	GCA_057190485.1		Bos indicus	Bos indicus	Singida White					female		Scaffold	2026-05-04	JBNBOL01	445
GUD_1.0	GCA_057190595.1		Bos indicus	Bos indicus	Gudali					female		Scaffold	2026-05-04	JBNBOO01	221
ASM3026980v1	GCA_030269805.1		Bos indicus	Bos indicus	Guanling cattle					female		Scaffold	2023-06-13	JAKQXU01	95
IRR_1.0	GCA_057190515.1		Bos indicus	Bos indicus	Iringa Red					male		Scaffold	2026-05-04	JBNBOM01	307
IISER_Bind_1.0b	GCA_033030755.1		Bos indicus	Bos indicus					VRC1			Contig	2023-10-27	JAUBKJ01	1366
NIAB_Red_sindhi_supernova	GCA_963966425.1		Bos indicus	Bos indicus								Scaffold	2025-03-03	CAWZZM01	20635
NIAB_Sahiwal_supernova	GCA_963966355.1		Bos indicus	Bos indicus								Scaffold	2025-03-03	CAWZZB01	22010
NIAB_Kankrej_supernova	GCA_963966215.1		Bos indicus	Bos indicus								Scaffold	2025-03-03	CAWZYN01	33833
NIAB_Tharparkar_supernova	GCA_963966345.1		Bos indicus	Bos indicus								Scaffold	2025-03-03	CAWZZA01	42943
NIAB_Gir_supernova	GCA_963966175.1		Bos indicus	Bos indicus								Scaffold	2025-03-03	CAWZYL01	40451
NIB_MC	GCA_030847515.1		Bos indicus	Bos indicus	Mirkadim			Munshiganj cattle		female		Scaffold	2023-08-21	JASFDU01	1007556
Bubbub1.0	GCA_004794615.1		Bubalus bubalis	Bubalus bubalis	Bangladesh					male		Scaffold	2019-04-15	NPZD01	33821
ASM299383v1	GCA_002993835.1		Bubalus bubalis	Bubalus bubalis	Egyptian buffalo				EGYBUF_1.0	female		Scaffold	2018-03-09	LPUW01	99165
Bubalus_bubalis_Jaffrabadi_v3.0	GCA_000180995.3		Bubalus bubalis	Bubalus bubalis	Jafarabadi				Manek	male		Scaffold	2018-02-22	ACZF03	117845
NIBGE_UOENRWB_hap1	GCA_965642205.1		Bubalus bubalis bubalis	Bubalus bubalis								Contig	2025-07-13	CBFFLN01	510
Nili Ravi Water Buffalo Hap2	GCA_965606195.1		Bubalus bubalis bubalis	Bubalus bubalis								Contig	2025-07-08	CBFDFF02	674
NIBGE_UOENRWB_hap2	GCA_965642185.1		Bubalus bubalis bubalis	Bubalus bubalis								Contig	2025-07-13	CBFFLM01	674
Azikheli Water Buffalo Hap2	GCA_965246665.2		Bubalus bubalis bubalis	Bubalus bubalis								Contig	2025-10-28	CBDFFB02	582
NIBGE_UOEAWB_hap2	GCA_965642195.1		Bubalus bubalis bubalis	Bubalus bubalis								Contig	2025-07-13	CBFFLO01	582
FMD	GCA_006459085.1		Moschus berezovskii	Moschus berezovskii				forest		male		Scaffold	2019-06-25	SGQJ01	77520
MPW_1.0	GCA_056825275.1		Bos indicus x Bos taurus	Bos indicus x Bos taurus	Mpwapwa					male		Scaffold	2026-04-21	JBNBON01	302
cow.phase0_contigs	GCA_012070465.1		Bos indicus x Bos taurus	Bos indicus x Bos taurus	Angus x Brahman F1 hybrid					male		Contig	2020-04-06	JAAIXT01	1690
cow.phase1_scaffolds	GCA_012070485.1		Bos indicus x Bos taurus	Bos indicus x Bos taurus	Angus x Brahman F1 hybrid					male		Scaffold	2020-04-06	JAAIXW01	684
cow.phase1_contigs	GCA_012070445.1		Bos indicus x Bos taurus	Bos indicus x Bos taurus	Angus x Brahman F1 hybrid					male		Contig	2020-04-06	JAAIXU01	1690
cow.phase0_scaffolds	GCA_012070475.1		Bos indicus x Bos taurus	Bos indicus x Bos taurus	Angus x Brahman F1 hybrid					male		Scaffold	2020-04-06	JAAIXV01	684
cow.Unzip_primary	GCA_012069665.1		Bos indicus x Bos taurus	Bos indicus x Bos taurus	Angus x Brahman F1 hybrid					male		Contig	2020-04-06	JAAIXR01	1690
cow.Unzip_haplotigs	GCA_012070425.1		Bos indicus x Bos taurus	Bos indicus x Bos taurus	Angus x Brahman F1 hybrid					male		Contig	2020-04-06	JAAIXS01	5364
RTA_final	GCA_963422255.1		Rangifer tarandus	Rangifer tarandus								Scaffold	2023-09-04	CAUJRY01	127880
ASM2245718v1	GCA_022457185.1		Rangifer tarandus	Rangifer tarandus					DF-B-001			Scaffold	2022-03-03	JAJJMQ01	58724
RanTarSib_v1_BIUU	GCA_004026565.1		Rangifer tarandus	Rangifer tarandus					US061			Scaffold	2019-01-16	PVIN01	1360739
LSU_RangTar_1.0	GCA_014898785.1		Rangifer tarandus granti	Rangifer tarandus					KJH-003	male		Scaffold	2020-10-21	JACGUM01	17178
Rtarandus_v2.1	GCA_902712895.1		Rangifer tarandus tarandus	Rangifer tarandus								Scaffold	2021-09-21	CACTHY01	2302
NRC_Mithun_1	GCA_007844835.1		Bos frontalis	Bos frontalis	Nagaland					female		Scaffold	2019-08-05	RBVW01	5015
CVASU_Gayal_001	GCA_017311355.1		Bos frontalis	Bos frontalis					CVASU_BF_001			Contig	2021-03-09	JAFDUV01	1262134
ASM764659v3	GCA_007646595.3		Bos mutus	Bos mutus	Datong Yak				WY2019	female	Annotation submitted by Lanzhou University	Scaffold	2019-10-21	VBQZ03	158691
mMunRee1.2 alternate haplotype	GCA_963930665.2		Muntiacus reevesi	Muntiacus reevesi								Scaffold	2026-02-26	CAWVNP02	6117
CIJ	GCA_006408525.1		Muntiacus reevesi	Muntiacus reevesi					CIJ-jz			Scaffold	2019-06-24	SJXT01	200261
Odo_v1	GCA_014726795.1		Odocoileus virginianus	Odocoileus virginianus				borealis	brownington 1	male		Scaffold	2020-09-24	JAAVWD01	2905
O_ammon_KGZ_v1.0	GCA_003121645.1		Ovis ammon	Ovis ammon					KGZ	male		Scaffold	2018-05-11	NIWH01	41955
AGL	GCA_006410595.1		Ovis ammon	Ovis ammon					AGL-py			Scaffold	2019-06-24	SJYP01	240203
mOdoHem1.0.a	GCA_042767535.1		Odocoileus hemionus	Odocoileus hemionus					ODHE-2022-008-006_CCGP	male		Scaffold	2024-10-08	JBFCZQ01	388
mOdoHem1.0.p	GCA_042768445.1		Odocoileus hemionus	Odocoileus hemionus					ODHE-2022-008-006_CCGP	male		Scaffold	2024-10-10	JBFCZP01	814
OviCan_v1_BIUU	GCA_004026945.1		Ovis canadensis	Ovis canadensis					BS48	male		Scaffold	2019-01-16	PVIS01	1048136
UofA_Ohem_1.0	GCA_004115125.1		Odocoileus hemionus hemionus	Odocoileus hemionus					MD92			Scaffold	2019-01-30	RCHL01	16207
ASM369798v1	GCA_003697985.1		Odocoileus hemionus sitkensis	Odocoileus hemionus					Cn_RI01	female		Scaffold	2018-10-30	RFLZ01	358334
mAlcAlc2_a1.1	GCA_059051325.1		Alces alces	Alces alces					Moose01			Scaffold	2026-07-07	JBWVLQ01	1576
Elg.assembly.v.1.0	GCA_964270355.1		Alces alces	Alces alces								Scaffold	2024-09-28	CAXWQY01	1737
Vnn_Gaur	GCA_965225615.1		Bos gaurus	Bos gaurus								Scaffold	2025-03-28	CBDDBF01	32004
NRM_Aalces_2_0.fsa	GCA_015832495.2		Alces alces	Alces alces					AALL_1980	female		Scaffold	2023-05-22	JADEYB02	5939
Caeg1	GCA_000765075.1		Capra aegagrus	Capra aegagrus								Scaffold	2014-07-15	CBYH01	6616
GSC_moose_1.0	GCA_007570765.1		Alces alces	Alces alces					MIG12-28694850	female		Scaffold	2019-07-12	SSNK01	48218
ASM2146233v1	GCA_021462335.1		Ovibos moschatus	Ovibos moschatus					Muskox_WY2021	male		Scaffold	2022-01-13	JAJUWZ01	6703
Milu1.0	GCA_002443075.1		Elaphurus davidianus	Elaphurus davidianus	Woburn Abbey				Dafeng	male		Scaffold	2017-10-04	JRFZ01	194812
ASM2253363v2	GCA_022533635.2		Ovibos moschatus	Ovibos moschatus					UCID333-Mx8	male		Scaffold	2022-05-16	JACAUE02	8658
mAntAme2_a1.2	GCA_051176575.2		Antilocapra americana	Antilocapra americana		Pronghorn03						Scaffold	2026-04-30	JBPKRJ02	611
GSC_phorn_1.0	GCA_007570785.1		Antilocapra americana	Antilocapra americana					GAN:MWC17-00274	male		Scaffold	2019-07-12	SRVM01	22440
ASM379854v1	GCA_003798545.1		Axis porcinus	Axis porcinus					Zoohd001	male		Scaffold	2018-11-20	QQTR01	136093
ASM2101864v1	GCA_021018645.1		Antilocapra americana	Antilocapra americana					PH2016			Scaffold	2021-12-01	JAJJWP01	66453
IMAU_Mmos_1.0	GCA_011751665.1		Moschus moschiferus	Moschus moschiferus					DES	female		Scaffold	2020-03-25	JAAIGH01	13392
AntAmePen_v2_BIUU_UCD	GCA_004027515.2		Antilocapra americana	Antilocapra americana					BS35			Scaffold	2019-07-15	PVKT02	1585152
ASM1959352v1	GCA_019593525.1		Addax nasomaculatus	Addax nasomaculatus					IZW607/10	female		Scaffold	2021-08-13	JAIEZW01	86923
ASM5008459v1	GCA_050084595.1		Ovis vignei punjabiensis	Ovis vignei				Saltrange	PU_01_T1_01	female		Scaffold	2025-05-01	JBMPHZ01	192133
ASM640878v2	GCA_006408785.2		Syncerus caffer	Syncerus caffer					ABF-221			Scaffold	2021-12-01	SJXX02	148371
ASM893120v1	GCA_008931205.1		Muntiacus muntjak	Muntiacus muntjak					OR735	female		Scaffold	2019-10-09	RAWV01	170618
WLD	GCA_006408465.1		Cervus albirostris	Cervus albirostris					WLD-bcl			Scaffold	2019-06-24	SJXR01	171874
CMJ	GCA_006409035.1		Muntiacus muntjak	Muntiacus muntjak					CMJ-cj			Scaffold	2019-06-24	SJXU01	383561
LMD_DV1	GCA_022457235.1		Tragulus javanicus	Tragulus javanicus					LMD-DV			Scaffold	2022-03-03	JAJJWJ01	51524
CU_Burmeseeldsdeer	GCA_034234005.1		Rucervus eldii thamin	Rucervus eldii	Burmese Eld's deer or Burmese brow-antlered deer				ED14M	male		Scaffold	2023-12-08	JAJHSM01	12759
ASM3423391v1	GCA_034233915.1		Rucervus eldii siamensis	Rucervus eldii	Siamese Eld's deer				3MTh	male		Scaffold	2023-12-08	JACCHN01	284
IBX	GCA_006410555.1		Capra ibex	Capra ibex					IBX-bsy			Scaffold	2019-06-24	SJYO01	55914
NPU_HINE_1.0	GCA_006459105.1		Hydropotes inermis	Hydropotes inermis				China	ZZ2017	female		Scaffold	2019-06-25	SPDZ01	22246
ASM2101868v1	GCA_021018685.1		Okapia johnstoni	Okapia johnstoni					OK2016			Scaffold	2021-12-01	JAJJWQ01	42423
ASM165123v1	GCA_001651235.1		Giraffa tippelskirchi	Giraffa tippelskirchi					MA1	female		Scaffold	2016-05-20	LVKQ01	513177
ASM166083v1	GCA_001660835.1		Okapia johnstoni	Okapia johnstoni					WOAK	male		Scaffold	2016-06-08	LVCL01	837179
SCBI_Ndam_1.0	GCA_019969365.1		Nanger dama ruficollis	Nanger dama					SB2059	male		Scaffold	2021-09-14	JAHTZZ01	36680
BNG	GCA_006410755.1		Tragelaphus eurycerus	Tragelaphus eurycerus					BNG-9162			Scaffold	2019-06-24	SJYI01	1539703
ASM1828223v1	GCA_018282235.1		Giraffa camelopardalis antiquorum	Giraffa camelopardalis					PLA01	male		Scaffold	2021-05-05	JABSTO01	10445
GFE	GCA_006408565.1		Giraffa camelopardalis	Giraffa camelopardalis					GFE-hd			Scaffold	2019-06-24	SJXV01	78945
GMB	GCA_006410575.1		Oryx gazella	Oryx gazella					GMB-ly			Scaffold	2019-06-24	SJYN01	56922
LMD	GCA_006408655.1		Tragulus kanchil	Tragulus kanchil					LMD-DV			Scaffold	2019-06-24	SJXW01	185856
BMJ	GCA_006408485.1		Muntiacus crinifrons	Muntiacus crinifrons					BMJ-hj			Scaffold	2019-06-24	SJXS01	21054
ASM5674852v1	GCA_056748525.1		Bos taurus	Bos taurus	Mongolian				NMG16	male		Chromosome	2026-04-16	JAJGXD01	392
Btau_5.0.1	GCA_000003205.6	GCF_000003205.7	Bos taurus	Bos taurus	Hereford					pooled male and female		Chromosome	2015-11-19	AAFC05	5998
Btau_5.0.1	GCF_000003205.7	GCA_000003205.6	Bos taurus	Bos taurus	Hereford					pooled male and female	NCBI Bos taurus Annotation Release 105	Chromosome	2015-11-19	AAFC05	5998
Bos_taurus_UMD_3.1.1	GCA_000003055.5	GCF_000003055.6	Bos taurus	Bos taurus	Hereford					pooled male and female	Annotation submitted by Center for Bioinformatics and Computational Biology, University of Maryland	Chromosome	2014-11-25	DAAA02	6336
Bos_taurus_UMD_3.1.1	GCF_000003055.6	GCA_000003055.5	Bos taurus	Bos taurus	Hereford					pooled male and female	NCBI Bos taurus Annotation Release 105	Chromosome	2014-11-25	DAAA02	6336
Oar_rambouillet_v1.0	GCA_002742125.1	GCF_002742125.1	Ovis aries	Ovis aries	Rambouillet	OAR_USU_Benz2616				female		Chromosome	2017-11-02	PEKD01	2640
Oar_rambouillet_v1.0	GCF_002742125.1	GCA_002742125.1	Ovis aries	Ovis aries	Rambouillet	OAR_USU_Benz2616				female	NCBI Ovis aries Annotation Release 103	Chromosome	2017-11-02	PEKD01	2640
Oar_v4.0	GCA_000298735.2	GCF_000298735.2	Ovis aries	Ovis aries	Texel							Chromosome	2015-11-20	AMGL02	5465
Oar_v4.0	GCF_000298735.2	GCA_000298735.2	Ovis aries	Ovis aries	Texel						NCBI Ovis aries Annotation Release 102	Chromosome	2015-11-20	AMGL02	5465
Ovis_aries_1.0	GCA_000005525.1		Ovis aries	Ovis aries	mixed					female		Chromosome	2010-02-25	ACIV01	1331
ASM293397v1	GCA_002933975.1		Bos indicus	Bos indicus	Gir					male		Chromosome	2018-02-22	PRDE01	216408
Bos_indicus_1.0	GCA_000247795.2	GCF_000247795.1	Bos indicus	Bos indicus	Nelore				QUIL7308	male		Chromosome	2014-11-25	AGFL01	31
Bos_indicus_1.0	GCF_000247795.1	GCA_000247795.2	Bos indicus	Bos indicus	Nelore				QUIL7308	male	NCBI Bos indicus Annotation Release 100	Chromosome	2014-11-25	AGFL01	31
UOA_WB_1	GCA_003121395.1	GCF_003121395.1	Bubalus bubalis	Bubalus bubalis	Mediterranean					female		Chromosome	2018-05-14	PZYV01	508
UOA_WB_1	GCF_003121395.1	GCA_003121395.1	Bubalus bubalis	Bubalus bubalis	Mediterranean					female	NCBI Bubalus bubalis Annotation Release 101	Chromosome	2018-05-14	PZYV01	508
NDDB_DH_1	GCA_019923925.1	GCF_019923925.1	Bubalus bubalis	Bubalus bubalis	Murrah				160015118507	female		Chromosome	2021-09-10	VDCC01	33
NDDB_DH_1	GCF_019923925.1	GCA_019923925.1	Bubalus bubalis	Bubalus bubalis	Murrah				160015118507	female	NCBI Bubalus bubalis Annotation Release 102	Chromosome	2021-09-10	VDCC01	33
ARS_Simm1.0	GCA_018282465.1		Bos taurus x Bison bison	Bos taurus x Bison bison					Buzz	male		Chromosome	2021-05-06	JAEQBJ01	1313
ARS-UCSC_bison1.0	GCA_018282365.1		Bos taurus x Bison bison	Bos taurus x Bison bison					Buzz	male		Chromosome	2021-05-06	JAEQBK01	774
TAMU_Bison_Bison_3.0	GCA_030254855.1		Bos taurus x Bison bison	Bos taurus x Bison bison					BWD-2023a	female		Chromosome	2023-06-12	JASFYB01	661
ASM5569140v1	GCA_055691405.1		Bos taurus	Bos taurus	Bonsmara					female		Scaffold	2026-03-05	JBLYVJ01	1189
ASM5569137v1	GCA_055691375.1		Bos taurus	Bos taurus	Nguni Cattle			Pedi		female		Scaffold	2026-03-05	JBLYVI01	1252
ASM2132893v1	GCA_021328935.1		Ovis aries	Ovis aries	Kazak sheep				KAZ1	female		Scaffold	2021-12-30	JAJTAU01	4123
ASM2132894v1	GCA_021328945.1		Ovis aries	Ovis aries	Kazak sheep				KAZ1	female		Scaffold	2021-12-30	JAJTAT01	4646
Oori1	GCA_000765115.1	GCF_000765115.1	Ovis aries musimon	Ovis aries								Scaffold	2014-07-15	CBYI01	6173
Oori1	GCF_000765115.1	GCA_000765115.1	Ovis aries musimon	Ovis aries							NCBI Ovis aries Annotation Release 102	Scaffold	2014-07-15	CBYI01	6173
ASM982349v1	GCA_009823495.1		Capra hircus	Capra hircus	Pashmina (Cashmere)				M0009	male		Scaffold	2019-12-31	QWFW01	48370
Goat_MAGs	GCA_907165285.1		Capra hircus	Capra hircus								Scaffold	2022-07-01	CAJRCN01	533531
UMD_CASPUR_WB_2.0	GCA_000471725.1	GCF_000471725.1	Bubalus bubalis	Bubalus bubalis	Mediterranean					female		Scaffold	2013-09-30	AWWX01	366982
UMD_CASPUR_WB_2.0	GCF_000471725.1	GCA_000471725.1	Bubalus bubalis	Bubalus bubalis	Mediterranean					female	NCBI Bubalus bubalis Annotation Release 100	Scaffold	2013-09-30	AWWX01	366982
Buffalo_MAGs	GCA_905249985.1		Bubalus bubalis bubalis	Bubalus bubalis								Scaffold	2021-07-07	CAJNOS01	600286
NPU_MBRE_1.0	GCA_006461545.1		Moschus berezovskii	Moschus berezovskii					LS2015			Scaffold	2019-06-25	SPDX01	125813
reindeerY1320	GCA_963856025.1		Rangifer tarandus tarandus	Rangifer tarandus								Scaffold	2024-01-19	CAWLCX01	1320
BosGru_v2.0	GCA_000298355.1	GCF_000298355.1	Bos mutus	Bos mutus					yakQH1	female	Annotation submitted by BGI-shenzhen	Scaffold	2013-01-09	AGSK01	41191
BosGru_v2.0	GCF_000298355.1	GCA_000298355.1	Bos mutus	Bos mutus					yakQH1	female	NCBI Bos mutus Annotation Release 101	Scaffold	2013-01-09	AGSK01	41191
Ovir.te_1.0	GCA_002102435.1	GCF_002102435.1	Odocoileus virginianus texanus	Odocoileus virginianus					animal Pink-7	male		Scaffold	2017-04-20	MLBE01	17025
Ovir.te_1.0	GCF_002102435.1	GCA_002102435.1	Odocoileus virginianus texanus	Odocoileus virginianus					animal Pink-7	male	NCBI Odocoileus virginianus texanus Annotation Release 100	Scaffold	2017-04-20	MLBE01	17025
kmer631	GCA_000751575.1		Capreolus capreolus	Capreolus capreolus								Scaffold	2014-09-09	CCMK01	3088511
PHO1.0	GCA_000400835.1	GCF_000400835.1	Pantholops hodgsonii	Pantholops hodgsonii						male		Scaffold	2013-05-28	AGTT01	15058
PHO1.0	GCF_000400835.1	GCA_000400835.1	Pantholops hodgsonii	Pantholops hodgsonii						male	NCBI Pantholops hodgsonii Annotation Release 100	Scaffold	2013-05-28	AGTT01	15058
ASM1643309v1	GCA_016433095.1		Hippotragus equinus	Hippotragus equinus					ID10954	male		Scaffold	2020-12-29	JAEFBM01	16877
ALER1.0	GCA_002201775.1		Ammotragus lervia	Ammotragus lervia					NAZ	male		Scaffold	2017-06-20	NIVO01	77320
ERS5330601	GCA_905120135.1		Megaloceros giganteus	Megaloceros giganteus								Contig	2022-11-15	CAJHNX01	2
STG	GCA_006411015.1		Tragelaphus spekii	Tragelaphus spekii					STG-9200			Scaffold	2019-06-24	SJYL01	1769205
ERS5330600	GCA_905120125.1		Megaloceros giganteus	Megaloceros giganteus								Scaffold	2022-11-15	CAJHNY01	2
Bighorn female F1	GCA_042859625.1		Ovis canadensis	Ovis canadensis	Bighorn				FfBHxPP-ARS-UI-01	female		Complete Genome	2024-10-18	JBGUAS01	1
T2T-sheep1.0P	GCA_040836155.1		Ovis aries	Ovis aries	Hu sheep				HU3095-Father	male	Annotation submitted by China Agricultural University	Chromosome	2024-07-24		27
T2T-goat2.0P	GCA_041053135.1		Capra hircus	Capra hircus	Inner Mongolia cashmere goat					male		Chromosome	2024-08-05		30
T2T-goat1.0P	GCA_041920685.1		Capra hircus	Capra hircus	Inner Mongolia cashmere goat					male	Annotation submitted by China Agricultural University	Chromosome	2024-09-14		30
SMU_DYY_1.0	GCA_056775595.1		Bos grunniens	Bos grunniens	Maiwa				MaiWa_20	male		Chromosome	2026-03-24	JBKZAP01	1
ASM103953v1	GCA_001039535.1		Ovis canadensis canadensis	Ovis canadensis					43U	male		Chromosome	2015-06-25		27
ASM1835702v1	GCA_018357025.1		Capra hircus	Capra hircus	San Clemente				HZY-2020	male		Scaffold	2021-05-06	JAGRQG01	33
RRL-RSL_1.0	GCA_000191625.1		Odocoileus virginianus	Odocoileus virginianus								Contig	2011-03-07	AEGZ01	93873
WTD_RRL	GCA_000191605.1		Odocoileus virginianus	Odocoileus virginianus								Contig	2011-03-07	AEGY01	44342
ASM3037850v1	GCA_030378505.1		Bos taurus	Bos taurus	Wagyu					male		Chromosome	2023-07-01		1
ASM3051244v1	GCA_030512445.1		Ovis aries	Ovis aries	Churro					male		Chromosome	2023-07-20		1
