taxon_id	species	role	status	accession	source
Sus_scrofa_REF	Sus scrofa	reference_outgroup	INTACT_REFERENCE	pig_reference	reference_exons.fa
Mus_musculus	Mus musculus	intact_background	EXTERNAL_INTACT	NM_153071.2	external_intact_fasta:external_intact_gprc6a.fasta
Rattus_norvegicus	Rattus norvegicus	intact_background	EXTERNAL_INTACT	NM_001271106.2	external_intact_fasta:external_intact_gprc6a.fasta
Canis_lupus_familiaris	Canis lupus familiaris	intact_background	EXTERNAL_INTACT	XM_038654729.1	external_intact_fasta:external_intact_gprc6a.fasta
Felis_catus	Felis catus	intact_background	EXTERNAL_INTACT	XM_003986492.6	external_intact_fasta:external_intact_gprc6a.fasta
Equus_caballus	Equus caballus	intact_background	EXTERNAL_INTACT	XM_001504147.3	external_intact_fasta:external_intact_gprc6a.fasta
Oryctolagus_cuniculus	Oryctolagus cuniculus	intact_background	EXTERNAL_INTACT	XM_002714768.4	external_intact_fasta:external_intact_gprc6a.fasta
Homo_sapiens	Homo sapiens	intact_background	EXTERNAL_INTACT	NM_148963.4	external_intact_fasta:external_intact_gprc6a.fasta
Bos_taurus	Bos taurus	loss_or_special_focus	DISRUPTED_HIGH	GCA_059336145.1	first_pass_reference_anchored_remnant
Ovis_aries	Ovis aries	loss_or_special_focus	DISRUPTED_LIKELY	GCA_057332215.1	first_pass_plus_refiner_sensitive_remnant
Bubalus_bubalis	Bubalus bubalis	loss_or_special_focus	DISRUPTED_HIGH	GCA_003121395.1	first_pass_plus_refiner_sensitive_remnant
Odocoileus_virginianus	Odocoileus virginianus	loss_or_special_focus	DISRUPTED_HIGH	GCA_023699985.4	first_pass_plus_refiner_sensitive_remnant
Bos_indicus	Bos indicus	loss_or_special_focus	DISRUPTED_LIKELY	GCA_026262515.1	first_pass_reference_anchored_remnant
Bos_mutus	Bos mutus	loss_or_special_focus	DISRUPTED_HIGH	GCA_027580195.2	first_pass_plus_refiner_sensitive_remnant
Capra_hircus	Capra hircus	loss_or_special_focus	DISRUPTED_HIGH	GCA_040806595.1	first_pass_reference_anchored_remnant
Pantholops_hodgsonii	Pantholops hodgsonii	loss_or_special_focus	DISRUPTED_LIKELY	GCA_040182635.1	first_pass_plus_refiner_sensitive_remnant
Capreolus_capreolus	Capreolus capreolus	loss_or_special_focus	DISRUPTED_HIGH	GCA_951849835.1	first_pass_plus_refiner_sensitive_remnant
Ovis_canadensis	Ovis canadensis	loss_or_special_focus	DISRUPTED_HIGH	GCA_042477335.2	first_pass_plus_refiner_sensitive_remnant
Giraffa_tippelskirchi	Giraffa tippelskirchi	loss_or_special_focus	DISRUPTED_HIGH	GCA_054371585.1	first_pass_reference_anchored_remnant
Okapia_johnstoni	Okapia johnstoni	loss_or_special_focus	DISRUPTED_LIKELY	GCA_024291935.2	first_pass_reference_anchored_remnant
Cervus_elaphus	Cervus elaphus	loss_or_special_focus	DISRUPTED_HIGH	GCA_910593805.2	first_pass_plus_refiner_sensitive_remnant
Ovis_ammon	Ovis ammon	loss_or_special_focus	DISRUPTED_HIGH	GCA_028583565.1	first_pass_plus_refiner_sensitive_remnant
Pseudois_nayaur	Pseudois nayaur	loss_or_special_focus	DISRUPTED_LIKELY	GCA_003182575.1	first_pass_reference_anchored_remnant
Bos_indicus_x_Bos_taurus	Bos indicus x Bos taurus	loss_or_special_focus	DISRUPTED_HIGH	GCA_003369685.2	first_pass_reference_anchored_remnant
Odocoileus_hemionus	Odocoileus hemionus	loss_or_special_focus	DISRUPTED_LIKELY	GCA_042767535.1	first_pass_plus_refiner_sensitive_remnant
Axis_porcinus	Axis porcinus	loss_or_special_focus	DISRUPTED_HIGH	GCA_054883215.1	first_pass_reference_anchored_remnant
Rangifer_tarandus	Rangifer tarandus	loss_or_special_focus	DISRUPTED_HIGH	GCA_949782905.1	first_pass_plus_refiner_sensitive_remnant
Nilgiritragus_hylocrius	Nilgiritragus hylocrius	loss_or_special_focus	DISRUPTED_LIKELY	GCA_004026825.1	first_pass_plus_refiner_sensitive_remnant
Beatragus_hunteri	Beatragus hunteri	loss_or_special_focus	DISRUPTED_LIKELY	GCA_004027495.1	first_pass_reference_anchored_remnant
Antilocapra_americana	Antilocapra americana	loss_or_special_focus	DISRUPTED_HIGH	GCA_051176575.2	first_pass_reference_anchored_remnant
Bos_grunniens	Bos grunniens	loss_or_special_focus	DISRUPTED_HIGH	GCA_005887515.3	first_pass_plus_refiner_sensitive_remnant
Cervus_albirostris	Cervus albirostris	loss_or_special_focus	DISRUPTED_LIKELY	GCA_046563475.2	first_pass_plus_refiner_sensitive_remnant
Muntiacus_crinifrons	Muntiacus crinifrons	loss_or_special_focus	DISRUPTED_HIGH	GCA_020226055.1	first_pass_plus_refiner_sensitive_remnant
Muntiacus_reevesi	Muntiacus reevesi	loss_or_special_focus	DISRUPTED_HIGH	GCA_020226045.1	first_pass_plus_refiner_sensitive_remnant
Giraffa_camelopardalis	Giraffa camelopardalis	loss_or_special_focus	DISRUPTED_LIKELY	GCA_017591445.1	first_pass_reference_anchored_remnant
Tragulus_kanchil	Tragulus kanchil	loss_or_special_focus	DISRUPTED_LIKELY	GCA_022376925.1	first_pass_reference_anchored_remnant
Syncerus_caffer	Syncerus caffer	loss_or_special_focus	DISRUPTED_LIKELY	GCA_902825105.1	first_pass_plus_refiner_sensitive_remnant
Capra_ibex	Capra ibex	loss_or_special_focus	DISRUPTED_LIKELY	GCA_054642885.1	first_pass_reference_anchored_remnant
Tragelaphus_eurycerus	Tragelaphus eurycerus	loss_or_special_focus	DISRUPTED_LIKELY	GCA_935064755.1	first_pass_plus_refiner_sensitive_remnant
Moschus_berezovskii	Moschus berezovskii	loss_or_special_focus	DISRUPTED_HIGH	GCA_049115385.1	first_pass_plus_refiner_sensitive_remnant
Hydropotes_inermis	Hydropotes inermis	loss_or_special_focus	DISRUPTED_LIKELY	GCA_056247825.1	first_pass_plus_refiner_sensitive_remnant
Alces_alces	Alces alces	loss_or_special_focus	DISRUPTED_HIGH	GCA_964270355.1	first_pass_plus_refiner_sensitive_remnant
Bos_frontalis	Bos frontalis	loss_or_special_focus	DISRUPTED_LIKELY	GCA_043643345.1	first_pass_plus_refiner_sensitive_remnant
Bos_grunniens_x_Bos_taurus	Bos grunniens x Bos taurus	loss_or_special_focus	DISRUPTED_HIGH	GCA_009493655.1	first_pass_reference_anchored_remnant
Bos_gaurus	Bos gaurus	loss_or_special_focus	DISRUPTED_HIGH	GCA_014182915.2	first_pass_reference_anchored_remnant
Ovis_orientalis	Ovis orientalis	loss_or_special_focus	DISRUPTED_LIKELY	GCA_014523465.1	first_pass_plus_refiner_sensitive_remnant
Oryx_dammah	Oryx dammah	loss_or_special_focus	DISRUPTED_HIGH	GCA_014754425.2	first_pass_plus_refiner_sensitive_remnant
Bos_taurus_x_Bison_bison	Bos taurus x Bison bison	loss_or_special_focus	DISRUPTED_HIGH	GCA_018282465.1	first_pass_reference_anchored_remnant
Addax_nasomaculatus	Addax nasomaculatus	loss_or_special_focus	DISRUPTED_LIKELY	GCA_044231825.1	first_pass_plus_refiner_sensitive_remnant
Nanger_dama	Nanger dama	loss_or_special_focus	DISRUPTED_LIKELY	GCA_917880005.1	first_pass_plus_refiner_sensitive_remnant
Muntiacus_gongshanensis	Muntiacus gongshanensis	loss_or_special_focus	DISRUPTED_LIKELY	GCA_020226025.1	first_pass_plus_refiner_sensitive_remnant
Ovibos_moschatus	Ovibos moschatus	loss_or_special_focus	DISRUPTED_LIKELY	GCA_041156055.1	first_pass_reference_anchored_remnant
Budorcas_taxicolor	Budorcas taxicolor	loss_or_special_focus	DISRUPTED_HIGH	GCA_023091745.2	first_pass_reference_anchored_remnant
Ovis_ammon_polii_x_Ovis_aries	Ovis ammon polii x Ovis aries	loss_or_special_focus	DISRUPTED_HIGH	GCA_023701655.1	first_pass_plus_refiner_sensitive_remnant
Bubalus_kerabau	Bubalus kerabau	loss_or_special_focus	DISRUPTED_HIGH	GCA_029407905.2	first_pass_plus_refiner_sensitive_remnant
Capricornis_sumatraensis	Capricornis sumatraensis	loss_or_special_focus	DISRUPTED_HIGH	GCA_032405125.2	first_pass_reference_anchored_remnant
Bos_javanicus	Bos javanicus	loss_or_special_focus	DISRUPTED_HIGH	GCA_032452875.1	first_pass_reference_anchored_remnant
Dama_dama	Dama dama	loss_or_special_focus	DISRUPTED_HIGH	GCA_033118175.2	first_pass_plus_refiner_sensitive_remnant
Cervus_nippon	Cervus nippon	loss_or_special_focus	DISRUPTED_HIGH	GCA_054829135.1	first_pass_plus_refiner_sensitive_remnant
Rucervus_eldii	Rucervus eldii	loss_or_special_focus	DISRUPTED_HIGH	GCA_054824845.1	first_pass_plus_refiner_sensitive_remnant
Muntiacus_vaginalis	Muntiacus vaginalis	loss_or_special_focus	DISRUPTED_LIKELY	GCA_039877825.1	first_pass_plus_refiner_sensitive_remnant
Ovis_vignei	Ovis vignei	loss_or_special_focus	DISRUPTED_HIGH	GCA_050084595.1	first_pass_plus_refiner_sensitive_remnant
Cephalophula_zebra	Cephalophula zebra	loss_or_special_focus	DISRUPTED_HIGH	GCA_054099735.1	first_pass_reference_anchored_remnant
Capra_nubiana	Capra nubiana	loss_or_special_focus	DISRUPTED_HIGH	GCA_054855995.1	first_pass_reference_anchored_remnant
Muntiacus_feae	Muntiacus feae	loss_or_special_focus	DISRUPTED_LIKELY	GCA_059698765.1	first_pass_plus_refiner_sensitive_remnant
Ovis_nivicola	Ovis nivicola	loss_or_special_focus	DISRUPTED_LIKELY	GCA_903231385.1	first_pass_plus_refiner_sensitive_remnant
Bos_gaurus_x_Bos_taurus	Bos gaurus x Bos taurus	loss_or_special_focus	DISRUPTED_LIKELY	GCA_946052875.1	first_pass_reference_anchored_remnant
Bison_bonasus	Bison bonasus	loss_or_special_focus	DISRUPTED_LIKELY	GCA_963879515.1	first_pass_plus_refiner_sensitive_remnant
Rupicapra_rupicapra	Rupicapra rupicapra	loss_or_special_focus	DISRUPTED_LIKELY	GCA_963981305.1	first_pass_plus_refiner_sensitive_remnant
