species	tree_id	in_tree	species_status	assembly_status	callable_fraction	reconstructed_fraction	n_fraction	internal_stop_count_naive	frame_remainder	supported_events	quality_score	strict_species_intact	conflicting_fallback_eligible	selected	selection_tier	rejection_reason
Addax nasomaculatus	Addax_nasomaculatus	True	DISRUPTED_LIKELY	DISRUPTED_STRONG	0.9680660208109078	0.9680660208109078	0.010964912280701754	30	0	11	175.57095392182617	False	False	False		loss_status_excluded
Aepyceros melampus	Aepyceros_melampus	True	UNRESOLVED	UNRESOLVED_ASSEMBLY_GAP	0.9705776820954432	0.9705776820954432	0.006581352833638025	36	2	17	132.8960347448765	False	False	False		not_intact_background_status
Alcelaphus buselaphus	Alcelaphus_buselaphus	True	UNRESOLVED	UNRESOLVED_ASSEMBLY_GAP	0.2447075708647291	0.2447075708647291	0.7544112351458409	4	2	4	38.51297278632558	False	False	False		not_intact_background_status;callable_below_0.70
Alces alces	Alces_alces	True	DISRUPTED_HIGH	DISRUPTED_STRONG	0.9626838894869035	0.9626838894869035	0.009174311926605505	41	1	10	172.1766458294243	False	False	False		loss_status_excluded
Ammotragus lervia	Ammotragus_lervia	True	UNRESOLVED	UNRESOLVED_ASSEMBLY_GAP	0.9687836383207751	0.9687836383207751	0.010948905109489052	53	1	12	132.642875744525	False	False	False		not_intact_background_status
Antidorcas marsupialis	Antidorcas_marsupialis	True	UNRESOLVED	UNRESOLVED_ASSEMBLY_GAP	0.9533548618586294	0.9533548618586294	0.00784167289021658	46	2	12	131.05194125183257	False	False	False		not_intact_background_status
Antilocapra americana	Antilocapra_americana	True	DISRUPTED_HIGH	DISRUPTED_STRONG	0.9734481521349121	0.9734481521349121	0.0018288222384784199	50	1	14	173.2996452706763	False	False	False		loss_status_excluded
Axis porcinus	Axis_porcinus	True	DISRUPTED_HIGH	DISRUPTED_STRONG	0.9644779332615716	0.9644779332615716	0.002564102564102564	45	0	12	175.42215230051613	False	False	False		loss_status_excluded
Beatragus hunteri	Beatragus_hunteri	True	DISRUPTED_LIKELY	DISRUPTED_STRONG	0.9590958019375673	0.9590958019375673	0.015090172984909826	46	2	10	171.5761048262834	False	False	False		loss_status_excluded
Bison bison	Bison_bison	True	UNRESOLVED	UNRESOLVED_ASSEMBLY_GAP	0.9598134194474345	0.9598134194474345	0.01942103334554782	33	2	13	131.5616008696282	False	False	False		not_intact_background_status
Bison bonasus	Bison_bonasus	True	DISRUPTED_LIKELY	DISRUPTED_STRONG	0.9070685324721923	0.9070685324721923	0.07328691828508611	20	2	13	163.03288366899463	False	False	False		loss_status_excluded
Bos frontalis	Bos_frontalis	True	DISRUPTED_LIKELY	DISRUPTED_STRONG	0.9608898457122353	0.9608898457122353	0.017961876832844576	42	1	15	174.6838350612353	False	False	False		loss_status_excluded
Bos gaurus	Bos_gaurus	True	DISRUPTED_HIGH	DISRUPTED_STRONG	0.961248654467169	0.961248654467169	0.017955294979846097	32	2	14	174.71978175525868	False	False	False		loss_status_excluded
Bos gaurus x Bos taurus	Bos_gaurus_x_Bos_taurus	False	DISRUPTED_LIKELY	DISRUPTED_STRONG	0.961248654467169	0.961248654467169	0.017955294979846097	33	2	13	174.8736279091048	False	False	False		not_in_standardized_tree;loss_status_excluded
Bos grunniens	Bos_grunniens	True	DISRUPTED_HIGH	DISRUPTED_STRONG	0.961248654467169	0.961248654467169	0.017889740781307048	31	0	12	174.7443321598486	False	False	False		loss_status_excluded
Bos grunniens x Bos taurus	Bos_grunniens_x_Bos_taurus	False	DISRUPTED_HIGH	DISRUPTED_STRONG	0.9601722282023681	0.9601722282023681	0.017961876832844576	40	1	15	174.76591946409474	False	False	False		not_in_standardized_tree;loss_status_excluded
Bos indicus	Bos_indicus	True	DISRUPTED_LIKELY	DISRUPTED_STRONG	0.961248654467169	0.961248654467169	0.017955294979846097	33	2	13	174.8736279091048	False	False	False		loss_status_excluded
Bos indicus x Bos taurus	Bos_indicus_x_Bos_taurus	False	DISRUPTED_HIGH	DISRUPTED_STRONG	0.961248654467169	0.961248654467169	0.017955294979846097	33	2	13	174.8736279091048	False	False	False		not_in_standardized_tree;loss_status_excluded
Bos javanicus	Bos_javanicus	True	DISRUPTED_HIGH	DISRUPTED_STRONG	0.961248654467169	0.961248654467169	0.017955294979846097	32	2	14	174.71978175525868	False	False	False		loss_status_excluded
Bos mutus	Bos_mutus	True	DISRUPTED_HIGH	DISRUPTED_STRONG	0.961248654467169	0.961248654467169	0.017889740781307048	31	0	12	174.7443321598486	False	False	False		loss_status_excluded
Bos taurus	Bos_taurus	True	DISRUPTED_HIGH	DISRUPTED_STRONG	0.9598134194474345	0.9598134194474345	0.01796846351301797	25	0	16	177.72997272179964	False	False	False		loss_status_excluded
Bos taurus x Bison bison	Bos_taurus_x_Bison_bison	False	DISRUPTED_HIGH	DISRUPTED_STRONG	0.9601722282023681	0.9601722282023681	0.017961876832844576	40	1	15	174.76591946409474	False	False	False		not_in_standardized_tree;loss_status_excluded
Bubalus bubalis	Bubalus_bubalis	True	DISRUPTED_HIGH	DISRUPTED_STRONG	0.8058844635809114	0.8058844635809114	0.17304860088365243	25	1	11	151.62792797985463	False	False	False		loss_status_excluded
Bubalus depressicornis	Bubalus_depressicornis	True	DISRUPTED_POSSIBLE	DISRUPTED_POSSIBLE	0.5123789020452099	0.5123789020452099	0.47978142076502733	9	0	6	97.64840933020405	False	False	False		loss_status_excluded;callable_below_0.70
Bubalus kerabau	Bubalus_kerabau	True	DISRUPTED_HIGH	DISRUPTED_STRONG	0.8058844635809114	0.8058844635809114	0.17304860088365243	25	1	11	151.62792797985463	False	False	False		loss_status_excluded
Budorcas taxicolor	Budorcas_taxicolor	True	DISRUPTED_HIGH	DISRUPTED_STRONG	0.9684248295658414	0.9684248295658414	0.01095290251916758	20	0	11	175.60695489493486	False	False	False		loss_status_excluded
Canis lupus familiaris	Canis_lupus_familiaris	True	EXTERNAL_INTACT	EXTERNAL_REFSEQ_INTACT	0.9989235737351991	0.9989235737351991	0.0	0	0	0	379.8600645855759	True	False	True	strict_species_intact	
Capra aegagrus	Capra_aegagrus	True	UNRESOLVED	UNRESOLVED_ASSEMBLY_GAP	0.965913168281306	0.965913168281306	0.010993037742762916	36	2	11	135.3553874142454	False	False	False		not_intact_background_status
Capra falconeri	Capra_falconeri	True	DISRUPTED_POSSIBLE	DISRUPTED_POSSIBLE	0.47793326157158234	0.47793326157158234	0.5161056822294607	18	0	7	94.16742105947468	False	False	False		loss_status_excluded;callable_below_0.70
Capra hircus	Capra_hircus	True	DISRUPTED_HIGH	DISRUPTED_STRONG	0.965913168281306	0.965913168281306	0.010993037742762916	38	2	12	178.3553874142454	False	False	False		loss_status_excluded
Capra ibex	Capra_ibex	True	DISRUPTED_LIKELY	DISRUPTED_STRONG	0.965913168281306	0.965913168281306	0.01098901098901099	17	0	10	175.3554276817829	False	False	False		loss_status_excluded
Capra nubiana	Capra_nubiana	True	DISRUPTED_HIGH	DISRUPTED_STRONG	0.965913168281306	0.965913168281306	0.010993037742762916	38	2	12	175.3553874142454	False	False	False		loss_status_excluded
Capra sibirica	Capra_sibirica	True	UNRESOLVED	UNRESOLVED_ASSEMBLY_GAP	0.9651955507714388	0.9651955507714388	0.011721611721611722	17	0	10	132.27633992347018	False	False	False		not_intact_background_status
Capreolus capreolus	Capreolus_capreolus	True	DISRUPTED_HIGH	DISRUPTED_STRONG	0.9684248295658414	0.9684248295658414	0.002571638501102131	38	1	8	169.81676657157314	False	False	False		loss_status_excluded
Capreolus pygargus	Capreolus_pygargus	True	UNRESOLVED	UNRESOLVED_ASSEMBLY_GAP	0.9702188733405095	0.9702188733405095	0.002566923359002567	39	0	10	132.9962181004609	False	False	False		not_intact_background_status
Capricornis sumatraensis	Capricornis_sumatraensis	True	DISRUPTED_HIGH	DISRUPTED_STRONG	0.9669895945461069	0.9669895945461069	0.010968921389396709	35	2	14	175.46327120425912	False	False	False		loss_status_excluded
Cephalophula zebra	Cephalophula_zebra	True	DISRUPTED_HIGH	DISRUPTED_STRONG	0.9709364908503767	0.9709364908503767	0.007681053401609363	24	1	19	175.94166163713498	False	False	False		loss_status_excluded
Cephalophus harveyi	Cephalophus_harveyi	True	UNRESOLVED	UNRESOLVED_ASSEMBLY_GAP	0.9637603157517043	0.9637603157517043	0.013577981651376147	32	1	15	132.16507484477006	False	False	False		not_intact_background_status
Cervus albirostris	Cervus_albirostris	True	DISRUPTED_LIKELY	DISRUPTED_STRONG	0.9002511661284536	0.9002511661284536	0.0747800586510264	21	1	9	167.70297083236426	False	False	False		loss_status_excluded
Cervus canadensis	Cervus_canadensis	True	UNRESOLVED	UNRESOLVED_ASSEMBLY_GAP	0.9085037674919269	0.9085037674919269	0.06598240469208211	20	1	8	128.61620750830102	False	False	False		not_intact_background_status
Cervus elaphus	Cervus_elaphus	True	DISRUPTED_HIGH	DISRUPTED_STRONG	0.9088625762468604	0.9088625762468604	0.0659582264565775	50	2	8	168.65233016614943	False	False	False		loss_status_excluded
Cervus hanglu	Cervus_hanglu	True	UNRESOLVED	UNRESOLVED_ASSEMBLY_GAP	0.9088625762468604	0.9088625762468604	0.0659582264565775	52	2	9	128.65233016614943	False	False	False		not_intact_background_status
Cervus nippon	Cervus_nippon	True	DISRUPTED_HIGH	DISRUPTED_STRONG	0.9002511661284536	0.9002511661284536	0.07373774064656738	41	2	10	167.72435892468954	False	False	False		loss_status_excluded
Connochaetes taurinus	Connochaetes_taurinus	True	UNRESOLVED	UNRESOLVED_ASSEMBLY_GAP	0.9583781844277001	0.9583781844277001	0.01582627898417372	48	2	11	131.50096449240482	False	False	False		not_intact_background_status
Dama dama	Dama_dama	True	DISRUPTED_HIGH	DISRUPTED_STRONG	0.9730893433799784	0.9730893433799784	0.0018301610541727673	42	2	9	176.2906327274561	False	False	False		loss_status_excluded
Damaliscus lunatus	Damaliscus_lunatus	True	UNRESOLVED	UNRESOLVED_ASSEMBLY_GAP	0.9594546106925009	0.9594546106925009	0.01471129091577786	22	1	12	131.61975699956884	False	False	False		not_intact_background_status
Elaphurus davidianus	Elaphurus_davidianus	True	UNRESOLVED	UNRESOLVED_ASSEMBLY_GAP	0.9085037674919269	0.9085037674919269	0.06598240469208211	39	1	8	125.28756901064844	False	False	False		not_intact_background_status
Equus caballus	Equus_caballus	True	EXTERNAL_INTACT	EXTERNAL_REFSEQ_INTACT	0.9989235737351991	0.9989235737351991	0.0	0	0	0	379.8600645855759	True	False	True	strict_species_intact	
Eudorcas thomsonii	Eudorcas_thomsonii	True	UNRESOLVED	UNRESOLVED_ASSEMBLY_GAP	0.9149623250807319	0.9149623250807319	0.06346294937637564	21	2	13	123.97723952364018	False	False	False		not_intact_background_status
Felis catus	Felis_catus	True	EXTERNAL_INTACT	EXTERNAL_REFSEQ_INTACT	0.9989235737351991	0.9989235737351991	0.0	0	0	0	379.8600645855759	True	False	True	strict_species_intact	
Giraffa camelopardalis	Giraffa_camelopardalis	True	DISRUPTED_LIKELY	DISRUPTED_STRONG	0.9881593110871906	0.9881593110871906	0.0018115942028985507	33	0	15	177.79781516669004	False	False	False		loss_status_excluded
Giraffa tippelskirchi	Giraffa_tippelskirchi	True	DISRUPTED_HIGH	DISRUPTED_STRONG	0.9881593110871906	0.9881593110871906	0.0018115942028985507	32	0	13	180.79781516669004	False	False	False		loss_status_excluded
Hippotragus equinus	Hippotragus_equinus	True	UNRESOLVED	UNRESOLVED_ASSEMBLY_GAP	0.9680660208109078	0.9680660208109078	0.010964912280701754	39	0	13	132.57095392182617	False	False	False		not_intact_background_status
Hippotragus niger	Hippotragus_niger	True	UNRESOLVED	UNRESOLVED_ASSEMBLY_GAP	0.9594546106925009	0.9594546106925009	0.011061946902654867	40	0	14	131.70884256376596	False	False	False		not_intact_background_status
Homo sapiens	Homo_sapiens	True	EXTERNAL_INTACT	EXTERNAL_REFSEQ_INTACT	0.9967707212055974	0.9967707212055974	0.0	0	0	0	379.5801937567276	True	False	True	strict_species_intact	
Hydropotes inermis	Hydropotes_inermis	True	DISRUPTED_LIKELY	DISRUPTED_STRONG	0.956584140653032	0.956584140653032	0.016489556614144377	35	2	9	177.44572877395268	False	False	False		loss_status_excluded
Kobus ellipsiprymnus	Kobus_ellipsiprymnus	True	UNRESOLVED	UNRESOLVED_ASSEMBLY_GAP	0.9680660208109078	0.9680660208109078	0.004789977892409728	40	2	12	132.6835253882801	False	False	False		not_intact_background_status
Kobus leche	Kobus_leche	True	UNRESOLVED	UNRESOLVED_ASSEMBLY_GAP	0.9677072120559742	0.9677072120559742	0.005158437730287398	39	2	12	132.64395991440796	False	False	False		not_intact_background_status
Litocranius walleri	Litocranius_walleri	True	UNRESOLVED	UNRESOLVED_ASSEMBLY_GAP	0.9655543595263725	0.9655543595263725	0.009204712812960236	43	1	11	132.24630247289215	False	False	False		not_intact_background_status
Madoqua kirkii	Madoqua_kirkii	True	DISRUPTED_POSSIBLE	DISRUPTED_POSSIBLE	0.5357014711158953	0.5357014711158953	0.45731928804940064	31	2	12	103.2838895180308	False	False	False		loss_status_excluded;callable_below_0.70
Megaloceros giganteus	Megaloceros_giganteus	True	UNRESOLVED	UNRESOLVED	0.0	0.0	1.0	0	0	0	6.0	False	False	False		not_intact_background_status;callable_below_0.70
Moschus berezovskii	Moschus_berezovskii	True	DISRUPTED_HIGH	DISRUPTED_STRONG	0.9781126659490491	0.9781126659490491	0.0018301610541727673	39	2	11	176.72423646202643	False	False	False		loss_status_excluded
Moschus chrysogaster	Moschus_chrysogaster	True	UNRESOLVED	UNRESOLVED_ASSEMBLY_GAP	0.5536419088625762	0.5536419088625762	0.4399709829524846	10	0	6	83.85433763349637	False	False	False		not_intact_background_status;callable_below_0.70
Moschus moschiferus	Moschus_moschiferus	True	UNRESOLVED	UNRESOLVED_ASSEMBLY_GAP	0.9809831359885182	0.9809831359885182	0.0029154518950437317	39	2	8	134.06915907990137	False	False	False		not_intact_background_status
Muntiacus crinifrons	Muntiacus_crinifrons	True	DISRUPTED_HIGH	DISRUPTED_STRONG	0.9712952996053104	0.9712952996053104	0.0018328445747800588	37	1	7	176.11120151478323	False	False	False		loss_status_excluded
Muntiacus feae	Muntiacus_feae	True	DISRUPTED_LIKELY	DISRUPTED_STRONG	0.9698600645855759	0.9698600645855759	0.0025678650036683784	39	2	6	169.9603278085209	False	False	False		loss_status_excluded
Muntiacus gongshanensis	Muntiacus_gongshanensis	True	DISRUPTED_LIKELY	DISRUPTED_STRONG	0.9705776820954432	0.9705776820954432	0.002565982404692082	37	1	8	173.0321083854974	False	False	False		loss_status_excluded
Muntiacus muntjak	Muntiacus_muntjak	True	UNRESOLVED	UNRESOLVED_ASSEMBLY_GAP	0.9666307857911733	0.9666307857911733	0.002571638501102131	24	1	9	135.63736219410632	False	False	False		not_intact_background_status
Muntiacus reevesi	Muntiacus_reevesi	True	DISRUPTED_HIGH	DISRUPTED_STRONG	0.9705776820954432	0.9705776820954432	0.002559414990859232	33	2	11	176.03217405963574	False	False	False		loss_status_excluded
Muntiacus vaginalis	Muntiacus_vaginalis	True	DISRUPTED_LIKELY	DISRUPTED_STRONG	0.9669895945461069	0.9669895945461069	0.0025744759102611253	37	1	9	175.67321469550808	False	False	False		loss_status_excluded
Mus musculus	Mus_musculus	True	EXTERNAL_INTACT	EXTERNAL_REFSEQ_INTACT	0.9989235737351991	0.9989235737351991	0.0	0	0	0	379.8600645855759	True	False	True	strict_species_intact	
Nanger dama	Nanger_dama	True	DISRUPTED_LIKELY	DISRUPTED_STRONG	0.9189092213850018	0.9189092213850018	0.06147091108671789	42	0	13	164.40679722007286	False	False	False		loss_status_excluded
Nanger granti	Nanger_granti	True	UNRESOLVED	UNRESOLVED_ASSEMBLY_GAP	0.8823107283817725	0.8823107283817725	0.09882869692532943	37	2	12	119.34162402961779	False	False	False		not_intact_background_status
Neotragus moschatus	Neotragus_moschatus	True	UNRESOLVED	UNRESOLVED_ASSEMBLY_GAP	0.965913168281306	0.965913168281306	0.009177679882525698	45	0	21	132.2784819157741	False	False	False		not_intact_background_status
Neotragus pygmaeus	Neotragus_pygmaeus	True	UNRESOLVED	UNRESOLVED_ASSEMBLY_GAP	0.9077861499820595	0.9077861499820595	0.07132406730065838	22	1	15	122.73204099186604	False	False	False		not_intact_background_status
Nilgiritragus hylocrius	Nilgiritragus_hylocrius	True	DISRUPTED_LIKELY	DISRUPTED_STRONG	0.9583781844277001	0.9583781844277001	0.018328445747800588	31	1	13	171.24684480798933	False	False	False		loss_status_excluded
Odocoileus hemionus	Odocoileus_hemionus	True	DISRUPTED_LIKELY	DISRUPTED_STRONG	0.9684248295658414	0.9684248295658414	0.001838235294117647	41	2	10	172.82410060364296	False	False	False		loss_status_excluded
Odocoileus virginianus	Odocoileus_virginianus	True	DISRUPTED_HIGH	DISRUPTED_STRONG	0.9684248295658414	0.9684248295658414	0.001838235294117647	41	2	11	175.82410060364296	False	False	False		loss_status_excluded
Okapia johnstoni	Okapia_johnstoni	True	DISRUPTED_LIKELY	DISRUPTED_STRONG	0.9874416935773233	0.9874416935773233	0.0018129079042784628	40	1	10	177.72604027868957	False	False	False		loss_status_excluded
Oreamnos americanus	Oreamnos_americanus	True	UNRESOLVED	UNRESOLVED_ASSEMBLY_GAP	0.964119124506638	0.964119124506638	0.011363636363636364	38	1	13	132.16829457346907	False	False	False		not_intact_background_status
Oreotragus oreotragus	Oreotragus_oreotragus	True	UNRESOLVED	UNRESOLVED_ASSEMBLY_GAP	0.7997847147470398	0.7997847147470398	0.18338213762811129	25	2	13	107.50269821611678	False	False	False		not_intact_background_status
Oryctolagus cuniculus	Oryctolagus_cuniculus	True	EXTERNAL_INTACT	EXTERNAL_REFSEQ_INTACT	0.9978471474703983	0.9978471474703983	0.0	0	0	0	379.7201291711518	True	False	True	strict_species_intact	
Oryx dammah	Oryx_dammah	True	DISRUPTED_HIGH	DISRUPTED_STRONG	0.9677072120559742	0.9677072120559742	0.010964912280701754	45	0	15	172.53507304633283	False	False	False		loss_status_excluded
Oryx gazella	Oryx_gazella	True	UNRESOLVED	UNRESOLVED_ASSEMBLY_GAP	0.9669895945461069	0.9669895945461069	0.011342846688620564	26	0	15	132.45953195126688	False	False	False		not_intact_background_status
Ourebia ourebi	Ourebia_ourebi	True	DISRUPTED_POSSIBLE	DISRUPTED_POSSIBLE	0.38751345532831	0.38751345532831	0.6075581395348837	6	1	3	77.08846255018058	False	False	False		loss_status_excluded;callable_below_0.70
Ovibos moschatus	Ovibos_moschatus	True	DISRUPTED_LIKELY	DISRUPTED_STRONG	0.9684248295658414	0.9684248295658414	0.010948905109489052	41	1	15	172.60699486903164	False	False	False		loss_status_excluded
Ovis ammon	Ovis_ammon	True	DISRUPTED_HIGH	DISRUPTED_STRONG	0.9677072120559742	0.9677072120559742	0.010968921389396709	28	2	15	175.53503295524587	False	False	False		loss_status_excluded
Ovis ammon polii x Ovis aries	Ovis_ammon_polii_x_Ovis_aries	False	DISRUPTED_HIGH	DISRUPTED_STRONG	0.9677072120559742	0.9677072120559742	0.010968921389396709	28	2	15	175.53503295524587	False	False	False		not_in_standardized_tree;loss_status_excluded
Ovis aries	Ovis_aries	True	DISRUPTED_LIKELY	DISRUPTED_STRONG	0.9677072120559742	0.9677072120559742	0.010968921389396709	28	2	15	178.53503295524587	False	False	False		loss_status_excluded
Ovis canadensis	Ovis_canadensis	True	DISRUPTED_HIGH	DISRUPTED_STRONG	0.9630426982418371	0.9630426982418371	0.012477064220183486	25	1	14	175.03757023712126	False	False	False		loss_status_excluded
Ovis nivicola	Ovis_nivicola	True	DISRUPTED_LIKELY	DISRUPTED_STRONG	0.9630426982418371	0.9630426982418371	0.012477064220183486	24	1	14	172.03757023712126	False	False	False		loss_status_excluded
Ovis orientalis	Ovis_orientalis	True	DISRUPTED_LIKELY	DISRUPTED_STRONG	0.9634015069967707	0.9634015069967707	0.012472487160674981	23	2	14	175.07349688320969	False	False	False		loss_status_excluded
Ovis vignei	Ovis_vignei	True	DISRUPTED_HIGH	DISRUPTED_STRONG	0.964119124506638	0.964119124506638	0.012463343108504398	37	1	13	172.14535007471812	False	False	False		loss_status_excluded
Pantholops hodgsonii	Pantholops_hodgsonii	True	DISRUPTED_LIKELY	DISRUPTED_STRONG	0.9687836383207751	0.9687836383207751	0.010972933430870519	40	1	10	175.64263546131122	False	False	False		loss_status_excluded
Philantomba maxwellii	Philantomba_maxwellii	True	UNRESOLVED	UNRESOLVED_ASSEMBLY_GAP	0.9494079655543596	0.9494079655543596	0.027787934186471665	34	2	18	130.58774029968464	False	False	False		not_intact_background_status
Procapra przewalskii	Procapra_przewalskii	True	UNRESOLVED	UNRESOLVED_ASSEMBLY_GAP	0.9651955507714388	0.9651955507714388	0.007746219107340465	39	2	13	132.13440057837815	False	False	False		not_intact_background_status
Pseudois nayaur	Pseudois_nayaur	True	DISRUPTED_LIKELY	DISRUPTED_STRONG	0.9616074632221027	0.9616074632221027	0.014684287812041116	45	0	10	171.68277620250404	False	False	False		loss_status_excluded
Pseudoryx nghetinhensis	Pseudoryx_nghetinhensis	True	UNRESOLVED	UNRESOLVED_ASSEMBLY_GAP	0.8098313598851812	0.8098313598851812	0.17410387710314557	30	1	12	109.27525731668874	False	False	False		not_intact_background_status
Rangifer tarandus	Rangifer_tarandus	True	DISRUPTED_HIGH	DISRUPTED_STRONG	0.9673484033010405	0.9673484033010405	0.001840942562592047	26	1	12	175.71643090447813	False	False	False		loss_status_excluded
Raphicerus campestris	Raphicerus_campestris	True	UNRESOLVED	UNRESOLVED_ASSEMBLY_GAP	0.5396483674201651	0.5396483674201651	0.4554992764109986	24	1	10	78.69677926484181	False	False	False		not_intact_background_status;callable_below_0.70
Rattus norvegicus	Rattus_norvegicus	True	EXTERNAL_INTACT	EXTERNAL_REFSEQ_INTACT	0.9989235737351991	0.9989235737351991	0.0	0	0	0	379.8600645855759	True	False	True	strict_species_intact	
Redunca redunca	Redunca_redunca	True	UNRESOLVED	UNRESOLVED_ASSEMBLY_GAP	0.9687836383207751	0.9687836383207751	0.006615214994487321	38	0	10	132.7220870851369	False	False	False		not_intact_background_status
Rucervus eldii	Rucervus_eldii	True	DISRUPTED_HIGH	DISRUPTED_STRONG	0.9077861499820595	0.9077861499820595	0.06603081438004402	35	2	7	167.88668466512948	False	False	False		loss_status_excluded
Rupicapra rupicapra	Rupicapra_rupicapra	True	DISRUPTED_LIKELY	DISRUPTED_STRONG	0.8905633297452458	0.8905633297452458	0.08556738890929122	36	2	14	166.699073194514	False	False	False		loss_status_excluded
Rusa alfredi	Rusa_alfredi	True	UNRESOLVED	UNRESOLVED_ASSEMBLY_GAP	0.8998923573735199	0.8998923573735199	0.0747800586510264	37	1	7	123.21169089583802	False	False	False		not_intact_background_status
Saiga tatarica	Saiga_tatarica	True	DISRUPTED_POSSIBLE	DISRUPTED_POSSIBLE	0.444205238607822	0.444205238607822	0.5489981785063752	14	0	8	88.77248260779983	False	False	False		loss_status_excluded;callable_below_0.70
Sylvicapra grimmia	Sylvicapra_grimmia	True	UNRESOLVED	UNRESOLVED_ASSEMBLY_GAP	0.9705776820954432	0.9705776820954432	0.0076979472140762464	47	1	18	132.90561182351698	False	False	False		not_intact_background_status
Syncerus caffer	Syncerus_caffer	True	DISRUPTED_LIKELY	DISRUPTED_STRONG	0.7944025834230355	0.7944025834230355	0.18422991893883567	27	2	13	147.3163803917626	False	False	False		loss_status_excluded
Tragelaphus buxtoni	Tragelaphus_buxtoni	True	UNRESOLVED	UNRESOLVED_ASSEMBLY_GAP	0.5895227843559383	0.5895227843559383	0.397677793904209	16	2	7	83.36192454466483	False	False	False		not_intact_background_status;callable_below_0.70
Tragelaphus eurycerus	Tragelaphus_eurycerus	True	DISRUPTED_LIKELY	DISRUPTED_STRONG	0.8923573735199138	0.8923573735199138	0.08394160583941605	33	1	16	161.09762479585547	False	False	False		loss_status_excluded
Tragelaphus imberbis	Tragelaphus_imberbis	True	UNRESOLVED	UNRESOLVED_ASSEMBLY_GAP	0.8952278435593829	0.8952278435593829	0.08421436383521691	32	1	11	124.37895468322252	False	False	False		not_intact_background_status
Tragelaphus oryx	Tragelaphus_oryx	True	DISRUPTED_POSSIBLE	DISRUPTED_POSSIBLE	0.3710082526013635	0.3710082526013635	0.6185117967332123	7	1	4	75.38427267112297	False	False	False		loss_status_excluded;callable_below_0.70
Tragelaphus scriptus	Tragelaphus_scriptus	True	UNRESOLVED	UNRESOLVED_ASSEMBLY_GAP	0.47613921779691426	0.47613921779691426	0.5207506315409599	16	2	6	72.00557914409066	False	False	False		not_intact_background_status;callable_below_0.70
Tragelaphus spekii	Tragelaphus_spekii	True	UNRESOLVED	UNRESOLVED_ASSEMBLY_GAP	0.8338715464657338	0.8338715464657338	0.14743356388787768	34	2	14	116.9560041462461	False	False	False		not_intact_background_status
Tragelaphus strepsiceros	Tragelaphus_strepsiceros	True	UNRESOLVED	UNRESOLVED_ASSEMBLY_GAP	0.8442770003588087	0.8442770003588087	0.1388184124682856	33	2	15	118.08270104974952	False	False	False		not_intact_background_status
Tragulus javanicus	Tragulus_javanicus	True	UNRESOLVED	UNRESOLVED_ASSEMBLY_GAP	0.5371367061356297	0.5371367061356297	0.45684736091298145	14	2	9	83.42940679617963	False	False	False		not_intact_background_status;callable_below_0.70
Tragulus kanchil	Tragulus_kanchil	True	DISRUPTED_LIKELY	DISRUPTED_STRONG	0.5313957660566918	0.5313957660566918	0.4618945868945869	17	0	6	122.42409410601772	False	False	False		loss_status_excluded;callable_below_0.70
